#
# There is insufficient memory for the Java Runtime Environment to continue.
# Native memory allocation (malloc) failed to allocate 1260656 bytes. Error detail: Chunk::new
# Possible reasons:
#   The system is out of physical RAM or swap space
#   This process is running with CompressedOops enabled, and the Java Heap may be blocking the growth of the native heap
# Possible solutions:
#   Reduce memory load on the system
#   Increase physical memory or swap space
#   Check if swap backing store is full
#   Decrease Java heap size (-Xmx/-Xms)
#   Decrease number of Java threads
#   Decrease Java thread stack sizes (-Xss)
#   Set larger code cache with -XX:ReservedCodeCacheSize=
#   JVM is running with Unscaled Compressed Oops mode in which the Java heap is
#     placed in the first 4GB address space. The Java Heap base address is the
#     maximum limit for the native heap growth. Please use -XX:HeapBaseMinAddress
#     to set the Java Heap base and to place the Java Heap above 4GB virtual address.
# This output file may be truncated or incomplete.
#
#  Out of Memory Error (arena.cpp:191), pid=8804, tid=6076
#
# JRE version: OpenJDK Runtime Environment Microsoft-12574423 (17.0.17+10) (build 17.0.17+10-LTS)
# Java VM: OpenJDK 64-Bit Server VM Microsoft-12574423 (17.0.17+10-LTS, mixed mode, sharing, tiered, compressed oops, compressed class ptrs, g1 gc, windows-amd64)
# Core dump will be written. Default location: C:\Users\Administrator\StudioProjects\RealEstateApp-Android\build-logic\hs_err_pid8804.mdmp
#

---------------  S U M M A R Y ------------

Command Line: --add-opens=java.base/java.lang=ALL-UNNAMED --add-opens=java.base/java.lang.invoke=ALL-UNNAMED --add-opens=java.base/java.util=ALL-UNNAMED --add-opens=java.prefs/java.util.prefs=ALL-UNNAMED --add-exports=jdk.compiler/com.sun.tools.javac.api=ALL-UNNAMED --add-exports=jdk.compiler/com.sun.tools.javac.util=ALL-UNNAMED --add-opens=java.base/java.util=ALL-UNNAMED --add-opens=java.prefs/java.util.prefs=ALL-UNNAMED --add-opens=java.base/java.nio.charset=ALL-UNNAMED --add-opens=java.base/java.net=ALL-UNNAMED --add-opens=java.base/java.util.concurrent.atomic=ALL-UNNAMED --add-opens=java.xml/javax.xml.namespace=ALL-UNNAMED -XX:MaxMetaspaceSize=384m -XX:+HeapDumpOnOutOfMemoryError -Xms256m -Xmx512m -Dfile.encoding=UTF-8 -Duser.country=US -Duser.language=en -Duser.variant -javaagent:C:\Users\Administrator\.gradle\wrapper\dists\gradle-9.0-milestone-1-bin\3vdepk4s12bybhohyuvjcm1bd\gradle-9.0-milestone-1\lib\agents\gradle-instrumentation-agent-9.0.jar org.gradle.launcher.daemon.bootstrap.GradleDaemon 9.0-milestone-1

Host: Intel Xeon Processor (SapphireRapids), 4 cores, 7G,  Windows Server 2025 , 64 bit Build 26100 (10.0.26100.7309)
Time: Thu Jan 15 20:16:12 2026 Jerusalem Standard Time elapsed time: 117.682342 seconds (0d 0h 1m 57s)

---------------  T H R E A D  ---------------

Current thread (0x00000240feb3d7e0):  JavaThread "C2 CompilerThread0" daemon [_thread_in_native, id=6076, stack(0x0000007085200000,0x0000007085300000)]


Current CompileTask:
C2:117682 24226       4       org.jetbrains.kotlin.types.TypeSubstitutor::unsafeSubstitute (793 bytes)

Stack: [0x0000007085200000,0x0000007085300000]
Native frames: (J=compiled Java code, j=interpreted, Vv=VM code, C=native code)
V  [jvm.dll+0x68c459]  (no source info available)
V  [jvm.dll+0x845e09]  (no source info available)
V  [jvm.dll+0x847b78]  (no source info available)
V  [jvm.dll+0x848203]  (no source info available)
V  [jvm.dll+0x24cf6f]  (no source info available)
V  [jvm.dll+0xaecb6]  (no source info available)
V  [jvm.dll+0xaf35c]  (no source info available)
V  [jvm.dll+0x37152f]  (no source info available)
V  [jvm.dll+0x1c0703]  (no source info available)
V  [jvm.dll+0x21e080]  (no source info available)
V  [jvm.dll+0x21d36d]  (no source info available)
V  [jvm.dll+0x1a8ce6]  (no source info available)
V  [jvm.dll+0x22db1b]  (no source info available)
V  [jvm.dll+0x22bca6]  (no source info available)
V  [jvm.dll+0x7fb65b]  (no source info available)
V  [jvm.dll+0x7f5a5c]  (no source info available)
V  [jvm.dll+0x68d9f7]  (no source info available)
C  [ucrtbase.dll+0x37b0]  (no source info available)
C  [KERNEL32.DLL+0x2e8d7]  (no source info available)
C  [ntdll.dll+0x8c53c]  (no source info available)


---------------  P R O C E S S  ---------------

Threads class SMR info:
_java_thread_list=0x00000240b6b36890, length=60, elements={
0x00000240fb299380, 0x00000240feb26aa0, 0x00000240feb280e0, 0x00000240feb38780,
0x00000240feb39050, 0x00000240feb3a490, 0x00000240feb3c070, 0x00000240feb3d7e0,
0x00000240feb46390, 0x00000240feb46ca0, 0x00000240feb0e5a0, 0x0000024096c1d5f0,
0x00000240b1be26c0, 0x00000240b165b540, 0x00000240b154a400, 0x00000240b09f3260,
0x00000240b186a4d0, 0x00000240b186c840, 0x00000240b186a9e0, 0x00000240b186c330,
0x00000240b186b400, 0x00000240b186aef0, 0x00000240b1869fc0, 0x00000240b186b910,
0x00000240b1869090, 0x00000240b1869ab0, 0x00000240b18695a0, 0x00000240b24ff1c0,
0x00000240b24ffbe0, 0x00000240b24fe290, 0x00000240b24fe7a0, 0x00000240b24fecb0,
0x00000240b24fd870, 0x00000240b24ff6d0, 0x00000240b2500600, 0x00000240b2501020,
0x00000240b24fdd80, 0x00000240b2501f50, 0x00000240b25042c0, 0x00000240b2504ce0,
0x00000240b2502460, 0x00000240b2503db0, 0x00000240b25051f0, 0x00000240b2502970,
0x00000240b2501a40, 0x00000240b2502e80, 0x00000240b65ba6e0, 0x00000240b65bde90,
0x00000240b8515a80, 0x00000240b851a670, 0x00000240b8519740, 0x00000240b8519c50,
0x00000240b851a160, 0x00000240b8516ec0, 0x00000240b851cef0, 0x00000240b851c4d0,
0x00000240b851b5a0, 0x00000240b851ab80, 0x00000240b8518d20, 0x00000240b6c977e0
}

Java Threads: ( => current thread )
  0x00000240fb299380 JavaThread "main" [_thread_blocked, id=1480, stack(0x0000007084500000,0x0000007084600000)]
  0x00000240feb26aa0 JavaThread "Reference Handler" daemon [_thread_blocked, id=3784, stack(0x0000007084c00000,0x0000007084d00000)]
  0x00000240feb280e0 JavaThread "Finalizer" daemon [_thread_blocked, id=10096, stack(0x0000007084d00000,0x0000007084e00000)]
  0x00000240feb38780 JavaThread "Signal Dispatcher" daemon [_thread_blocked, id=3712, stack(0x0000007084e00000,0x0000007084f00000)]
  0x00000240feb39050 JavaThread "Attach Listener" daemon [_thread_blocked, id=7732, stack(0x0000007084f00000,0x0000007085000000)]
  0x00000240feb3a490 JavaThread "Service Thread" daemon [_thread_blocked, id=9872, stack(0x0000007085000000,0x0000007085100000)]
  0x00000240feb3c070 JavaThread "Monitor Deflation Thread" daemon [_thread_blocked, id=6872, stack(0x0000007085100000,0x0000007085200000)]
=>0x00000240feb3d7e0 JavaThread "C2 CompilerThread0" daemon [_thread_in_native, id=6076, stack(0x0000007085200000,0x0000007085300000)]
  0x00000240feb46390 JavaThread "C1 CompilerThread0" daemon [_thread_in_native, id=3604, stack(0x0000007085300000,0x0000007085400000)]
  0x00000240feb46ca0 JavaThread "Sweeper thread" daemon [_thread_blocked, id=5184, stack(0x0000007085400000,0x0000007085500000)]
  0x00000240feb0e5a0 JavaThread "Common-Cleaner" daemon [_thread_blocked, id=1552, stack(0x0000007085500000,0x0000007085600000)]
  0x0000024096c1d5f0 JavaThread "Notification Thread" daemon [_thread_blocked, id=7712, stack(0x0000007085600000,0x0000007085700000)]
  0x00000240b1be26c0 JavaThread "Daemon health stats" [_thread_blocked, id=3700, stack(0x0000007085b00000,0x0000007085c00000)]
  0x00000240b165b540 JavaThread "Incoming local TCP Connector on port 51763" [_thread_in_native, id=6172, stack(0x0000007085c00000,0x0000007085d00000)]
  0x00000240b154a400 JavaThread "Daemon periodic checks" [_thread_blocked, id=5436, stack(0x0000007085d00000,0x0000007085e00000)]
  0x00000240b09f3260 JavaThread "Daemon" [_thread_blocked, id=4532, stack(0x0000007085e00000,0x0000007085f00000)]
  0x00000240b186a4d0 JavaThread "Handler for socket connection from /127.0.0.1:51763 to /127.0.0.1:51764" [_thread_in_native, id=1792, stack(0x0000007085f00000,0x0000007086000000)]
  0x00000240b186c840 JavaThread "Cancel handler" [_thread_blocked, id=5540, stack(0x0000007086000000,0x0000007086100000)]
  0x00000240b186a9e0 JavaThread "Daemon worker" [_thread_in_Java, id=5224, stack(0x0000007086100000,0x0000007086200000)]
  0x00000240b186c330 JavaThread "Asynchronous log dispatcher for DefaultDaemonConnection: socket connection from /127.0.0.1:51763 to /127.0.0.1:51764" [_thread_blocked, id=2860, stack(0x0000007086200000,0x0000007086300000)]
  0x00000240b186b400 JavaThread "Stdin handler" [_thread_blocked, id=7164, stack(0x0000007086300000,0x0000007086400000)]
  0x00000240b186aef0 JavaThread "Daemon client event forwarder" [_thread_blocked, id=6188, stack(0x0000007086400000,0x0000007086500000)]
  0x00000240b1869fc0 JavaThread "Cache worker for journal cache (C:\Users\Administrator\.gradle\caches\journal-1)" [_thread_blocked, id=3664, stack(0x0000007086500000,0x0000007086600000)]
  0x00000240b186b910 JavaThread "File lock request listener" [_thread_in_native, id=8676, stack(0x0000007086600000,0x0000007086700000)]
  0x00000240b1869090 JavaThread "Cache worker for file hash cache (C:\Users\Administrator\.gradle\caches\9.0-milestone-1\fileHashes)" [_thread_blocked, id=276, stack(0x0000007086700000,0x0000007086800000)]
  0x00000240b1869ab0 JavaThread "Cache worker for file hash cache (C:\Users\Administrator\StudioProjects\RealEstateApp-Android\build-logic\.gradle\9.0-milestone-1\fileHashes)" [_thread_blocked, id=9716, stack(0x0000007086800000,0x0000007086900000)]
  0x00000240b18695a0 JavaThread "Cache worker for checksums cache (C:\Users\Administrator\StudioProjects\RealEstateApp-Android\build-logic\.gradle\9.0-milestone-1\checksums)" [_thread_blocked, id=2096, stack(0x0000007086900000,0x0000007086a00000)]
  0x00000240b24ff1c0 JavaThread "Cache worker for Build Output Cleanup Cache (C:\Users\Administrator\StudioProjects\RealEstateApp-Android\build-logic\.gradle\buildOutputCleanup)" [_thread_blocked, id=3880, stack(0x0000007086b00000,0x0000007086c00000)]
  0x00000240b24ffbe0 JavaThread "Cache worker for file content cache (C:\Users\Administrator\.gradle\caches\9.0-milestone-1\fileContent)" [_thread_blocked, id=9812, stack(0x0000007086d00000,0x0000007086e00000)]
  0x00000240b24fe290 JavaThread "File watcher server" daemon [_thread_in_native, id=4164, stack(0x0000007086c00000,0x0000007086d00000)]
  0x00000240b24fe7a0 JavaThread "File watcher consumer" daemon [_thread_blocked, id=6800, stack(0x0000007086e00000,0x0000007086f00000)]
  0x00000240b24fecb0 JavaThread "Cache worker for cache directory md-supplier (C:\Users\Administrator\.gradle\caches\9.0-milestone-1\md-supplier)" [_thread_blocked, id=10188, stack(0x0000007087000000,0x0000007087100000)]
  0x00000240b24fd870 JavaThread "Cache worker for cache directory md-rule (C:\Users\Administrator\.gradle\caches\9.0-milestone-1\md-rule)" [_thread_blocked, id=1660, stack(0x0000007087100000,0x0000007087200000)]
  0x00000240b24ff6d0 JavaThread "jar transforms" [_thread_blocked, id=5828, stack(0x0000007087200000,0x0000007087300000)]
  0x00000240b2500600 JavaThread "jar transforms Thread 2" [_thread_blocked, id=7492, stack(0x0000007086f00000,0x0000007087000000)]
  0x00000240b2501020 JavaThread "jar transforms Thread 3" [_thread_blocked, id=2212, stack(0x0000007087400000,0x0000007087500000)]
  0x00000240b24fdd80 JavaThread "Unconstrained build operations" [_thread_blocked, id=8020, stack(0x0000007087500000,0x0000007087600000)]
  0x00000240b2501f50 JavaThread "Unconstrained build operations Thread 2" [_thread_blocked, id=5792, stack(0x0000007087600000,0x0000007087700000)]
  0x00000240b25042c0 JavaThread "Unconstrained build operations Thread 3" [_thread_blocked, id=8048, stack(0x0000007087700000,0x0000007087800000)]
  0x00000240b2504ce0 JavaThread "Unconstrained build operations Thread 4" [_thread_blocked, id=8596, stack(0x0000007087800000,0x0000007087900000)]
  0x00000240b2502460 JavaThread "Unconstrained build operations Thread 5" [_thread_blocked, id=5144, stack(0x0000007087900000,0x0000007087a00000)]
  0x00000240b2503db0 JavaThread "Unconstrained build operations Thread 6" [_thread_blocked, id=4900, stack(0x0000007087a00000,0x0000007087b00000)]
  0x00000240b25051f0 JavaThread "jar transforms Thread 4" [_thread_blocked, id=7588, stack(0x0000007087300000,0x0000007087400000)]
  0x00000240b2502970 JavaThread "Unconstrained build operations Thread 7" [_thread_blocked, id=4544, stack(0x0000007087c00000,0x0000007087d00000)]
  0x00000240b2501a40 JavaThread "Unconstrained build operations Thread 8" [_thread_blocked, id=2512, stack(0x0000007087d00000,0x0000007087e00000)]
  0x00000240b2502e80 JavaThread "Unconstrained build operations Thread 9" [_thread_blocked, id=696, stack(0x0000007087e00000,0x0000007087f00000)]
  0x00000240b65ba6e0 JavaThread "Kotlin DSL Writer" [_thread_blocked, id=8892, stack(0x0000007084200000,0x0000007084300000)]
  0x00000240b65bde90 JavaThread "Configuration cache report writer" [_thread_blocked, id=7288, stack(0x0000007084300000,0x0000007084400000)]
  0x00000240b8515a80 JavaThread "Unconstrained build operations Thread 10" [_thread_blocked, id=5948, stack(0x0000007087b00000,0x0000007087c00000)]
  0x00000240b851a670 JavaThread "Unconstrained build operations Thread 11" [_thread_blocked, id=10156, stack(0x0000007087f00000,0x0000007088000000)]
  0x00000240b8519740 JavaThread "Unconstrained build operations Thread 12" [_thread_blocked, id=6636, stack(0x0000007088000000,0x0000007088100000)]
  0x00000240b8519c50 JavaThread "Unconstrained build operations Thread 13" [_thread_blocked, id=8584, stack(0x0000007088100000,0x0000007088200000)]
  0x00000240b851a160 JavaThread "Unconstrained build operations Thread 14" [_thread_blocked, id=9820, stack(0x0000007088200000,0x0000007088300000)]
  0x00000240b8516ec0 JavaThread "Unconstrained build operations Thread 15" [_thread_blocked, id=8840, stack(0x0000007088300000,0x0000007088400000)]
  0x00000240b851cef0 JavaThread "Unconstrained build operations Thread 16" [_thread_blocked, id=6900, stack(0x0000007084400000,0x0000007084500000)]
  0x00000240b851c4d0 JavaThread "Unconstrained build operations Thread 17" [_thread_blocked, id=2608, stack(0x0000007088400000,0x0000007088500000)]
  0x00000240b851b5a0 JavaThread "Unconstrained build operations Thread 18" [_thread_blocked, id=7204, stack(0x0000007088500000,0x0000007088600000)]
  0x00000240b851ab80 JavaThread "Memory manager" [_thread_blocked, id=5872, stack(0x0000007088900000,0x0000007088a00000)]
  0x00000240b8518d20 JavaThread "build event listener" [_thread_blocked, id=1744, stack(0x0000007088800000,0x0000007088900000)]
  0x00000240b6c977e0 JavaThread "C2 CompilerThread1" daemon [_thread_in_native, id=8412, stack(0x0000007088a00000,0x0000007088b00000)]

Other Threads:
  0x00000240feb1e330 VMThread "VM Thread" [stack: 0x0000007084b00000,0x0000007084c00000] [id=5812]
  0x0000024096c2dc30 WatcherThread [stack: 0x0000007085700000,0x0000007085800000] [id=1332]
  0x00000240fb2c9db0 GCTaskThread "GC Thread#0" [stack: 0x0000007084600000,0x0000007084700000] [id=4320]
  0x0000024096e21c40 GCTaskThread "GC Thread#1" [stack: 0x0000007085800000,0x0000007085900000] [id=2036]
  0x0000024096da6c60 GCTaskThread "GC Thread#2" [stack: 0x0000007085900000,0x0000007085a00000] [id=3120]
  0x0000024096cfbf50 GCTaskThread "GC Thread#3" [stack: 0x0000007085a00000,0x0000007085b00000] [id=1564]
  0x00000240fb2cec20 ConcurrentGCThread "G1 Main Marker" [stack: 0x0000007084700000,0x0000007084800000] [id=9360]
  0x00000240fb2d0220 ConcurrentGCThread "G1 Conc#0" [stack: 0x0000007084800000,0x0000007084900000] [id=5676]
  0x00000240fe9da500 ConcurrentGCThread "G1 Refine#0" [stack: 0x0000007084900000,0x0000007084a00000] [id=7640]
  0x00000240b0379ff0 ConcurrentGCThread "G1 Refine#1" [stack: 0x0000007086a00000,0x0000007086b00000] [id=5344]
  0x00000240fe9dba20 ConcurrentGCThread "G1 Service" [stack: 0x0000007084a00000,0x0000007084b00000] [id=5832]

Threads with active compile tasks:
C2 CompilerThread0  117750 24226       4       org.jetbrains.kotlin.types.TypeSubstitutor::unsafeSubstitute (793 bytes)
C1 CompilerThread0  117750 24584       2       org.jetbrains.kotlin.backend.jvm.lower.UniqueLoopLabelsLowering$lower$1::visitElement (61 bytes)
C2 CompilerThread1  117750 24174       4       org.jetbrains.org.objectweb.asm.ClassReader::accept (1380 bytes)

VM state: not at safepoint (normal execution)

VM Mutex/Monitor currently owned by a thread: None

Heap address: 0x00000000e0000000, size: 512 MB, Compressed Oops mode: 32-bit

CDS archive(s) mapped at: [0x0000024097000000-0x0000024097bb0000-0x0000024097bb0000), size 12255232, SharedBaseAddress: 0x0000024097000000, ArchiveRelocationMode: 1.
Compressed class space mapped at: 0x0000024098000000-0x00000240ac000000, reserved size: 335544320
Narrow klass base: 0x0000024097000000, Narrow klass shift: 0, Narrow klass range: 0x100000000

GC Precious Log:
 CPUs: 4 total, 4 available
 Memory: 8185M
 Large Page Support: Disabled
 NUMA Support: Disabled
 Compressed Oops: Enabled (32-bit)
 Heap Region Size: 1M
 Heap Min Capacity: 256M
 Heap Initial Capacity: 256M
 Heap Max Capacity: 512M
 Pre-touch: Disabled
 Parallel Workers: 4
 Concurrent Workers: 1
 Concurrent Refinement Workers: 4
 Periodic GC: Disabled

Heap:
 garbage-first heap   total 495616K, used 395919K [0x00000000e0000000, 0x0000000100000000)
  region size 1024K, 223 young (228352K), 5 survivors (5120K)
 Metaspace       used 152505K, committed 153536K, reserved 524288K
  class space    used 19179K, committed 19648K, reserved 327680K

Heap Regions: E=young(eden), S=young(survivor), O=old, HS=humongous(starts), HC=humongous(continues), CS=collection set, F=free, OA=open archive, CA=closed archive, TAMS=top-at-mark-start (previous, next)
|   0|0x00000000e0000000, 0x00000000e0100000, 0x00000000e0100000|100%|HS|  |TAMS 0x00000000e0100000, 0x00000000e0000000| Complete 
|   1|0x00000000e0100000, 0x00000000e0200000, 0x00000000e0200000|100%|HC|  |TAMS 0x00000000e0200000, 0x00000000e0100000| Complete 
|   2|0x00000000e0200000, 0x00000000e0300000, 0x00000000e0300000|100%|HC|  |TAMS 0x00000000e0300000, 0x00000000e0200000| Complete 
|   3|0x00000000e0300000, 0x00000000e0400000, 0x00000000e0400000|100%| O|  |TAMS 0x00000000e0400000, 0x00000000e0300000| Untracked 
|   4|0x00000000e0400000, 0x00000000e0500000, 0x00000000e0500000|100%| O|  |TAMS 0x00000000e0500000, 0x00000000e0400000| Untracked 
|   5|0x00000000e0500000, 0x00000000e0600000, 0x00000000e0600000|100%| O|  |TAMS 0x00000000e0600000, 0x00000000e0500000| Untracked 
|   6|0x00000000e0600000, 0x00000000e0700000, 0x00000000e0700000|100%| O|  |TAMS 0x00000000e0700000, 0x00000000e0600000| Untracked 
|   7|0x00000000e0700000, 0x00000000e0800000, 0x00000000e0800000|100%|HS|  |TAMS 0x00000000e0800000, 0x00000000e0700000| Complete 
|   8|0x00000000e0800000, 0x00000000e0900000, 0x00000000e0900000|100%| O|  |TAMS 0x00000000e0900000, 0x00000000e0800000| Untracked 
|   9|0x00000000e0900000, 0x00000000e0a00000, 0x00000000e0a00000|100%| O|  |TAMS 0x00000000e0a00000, 0x00000000e0900000| Untracked 
|  10|0x00000000e0a00000, 0x00000000e0b00000, 0x00000000e0b00000|100%| O|  |TAMS 0x00000000e0b00000, 0x00000000e0a00000| Untracked 
|  11|0x00000000e0b00000, 0x00000000e0c00000, 0x00000000e0c00000|100%| O|  |TAMS 0x00000000e0c00000, 0x00000000e0b00000| Untracked 
|  12|0x00000000e0c00000, 0x00000000e0d00000, 0x00000000e0d00000|100%| O|  |TAMS 0x00000000e0d00000, 0x00000000e0c00000| Untracked 
|  13|0x00000000e0d00000, 0x00000000e0e00000, 0x00000000e0e00000|100%| O|  |TAMS 0x00000000e0e00000, 0x00000000e0d00000| Untracked 
|  14|0x00000000e0e00000, 0x00000000e0f00000, 0x00000000e0f00000|100%| O|  |TAMS 0x00000000e0f00000, 0x00000000e0e00000| Untracked 
|  15|0x00000000e0f00000, 0x00000000e1000000, 0x00000000e1000000|100%| O|  |TAMS 0x00000000e1000000, 0x00000000e0f00000| Untracked 
|  16|0x00000000e1000000, 0x00000000e1100000, 0x00000000e1100000|100%| O|  |TAMS 0x00000000e1100000, 0x00000000e1000000| Untracked 
|  17|0x00000000e1100000, 0x00000000e1200000, 0x00000000e1200000|100%| O|  |TAMS 0x00000000e1200000, 0x00000000e1100000| Untracked 
|  18|0x00000000e1200000, 0x00000000e1300000, 0x00000000e1300000|100%| O|  |TAMS 0x00000000e1300000, 0x00000000e1200000| Untracked 
|  19|0x00000000e1300000, 0x00000000e1400000, 0x00000000e1400000|100%| O|  |TAMS 0x00000000e1400000, 0x00000000e1300000| Untracked 
|  20|0x00000000e1400000, 0x00000000e1500000, 0x00000000e1500000|100%| O|  |TAMS 0x00000000e1500000, 0x00000000e1400000| Untracked 
|  21|0x00000000e1500000, 0x00000000e1600000, 0x00000000e1600000|100%| O|  |TAMS 0x00000000e1600000, 0x00000000e1500000| Untracked 
|  22|0x00000000e1600000, 0x00000000e1700000, 0x00000000e1700000|100%| O|  |TAMS 0x00000000e1700000, 0x00000000e1600000| Untracked 
|  23|0x00000000e1700000, 0x00000000e1800000, 0x00000000e1800000|100%| O|  |TAMS 0x00000000e1800000, 0x00000000e1700000| Untracked 
|  24|0x00000000e1800000, 0x00000000e1900000, 0x00000000e1900000|100%| O|  |TAMS 0x00000000e1900000, 0x00000000e1800000| Untracked 
|  25|0x00000000e1900000, 0x00000000e1a00000, 0x00000000e1a00000|100%| O|  |TAMS 0x00000000e1a00000, 0x00000000e1900000| Untracked 
|  26|0x00000000e1a00000, 0x00000000e1b00000, 0x00000000e1b00000|100%| O|  |TAMS 0x00000000e1b00000, 0x00000000e1a00000| Untracked 
|  27|0x00000000e1b00000, 0x00000000e1c00000, 0x00000000e1c00000|100%| O|  |TAMS 0x00000000e1c00000, 0x00000000e1b00000| Untracked 
|  28|0x00000000e1c00000, 0x00000000e1d00000, 0x00000000e1d00000|100%| O|  |TAMS 0x00000000e1d00000, 0x00000000e1c00000| Untracked 
|  29|0x00000000e1d00000, 0x00000000e1e00000, 0x00000000e1e00000|100%| O|  |TAMS 0x00000000e1e00000, 0x00000000e1d00000| Untracked 
|  30|0x00000000e1e00000, 0x00000000e1f00000, 0x00000000e1f00000|100%| O|  |TAMS 0x00000000e1f00000, 0x00000000e1e00000| Untracked 
|  31|0x00000000e1f00000, 0x00000000e2000000, 0x00000000e2000000|100%| O|  |TAMS 0x00000000e2000000, 0x00000000e1f00000| Untracked 
|  32|0x00000000e2000000, 0x00000000e2100000, 0x00000000e2100000|100%| O|  |TAMS 0x00000000e2100000, 0x00000000e2000000| Untracked 
|  33|0x00000000e2100000, 0x00000000e2200000, 0x00000000e2200000|100%| O|  |TAMS 0x00000000e2200000, 0x00000000e2100000| Untracked 
|  34|0x00000000e2200000, 0x00000000e2300000, 0x00000000e2300000|100%| O|  |TAMS 0x00000000e2300000, 0x00000000e2200000| Untracked 
|  35|0x00000000e2300000, 0x00000000e2400000, 0x00000000e2400000|100%| O|  |TAMS 0x00000000e2400000, 0x00000000e2300000| Untracked 
|  36|0x00000000e2400000, 0x00000000e2500000, 0x00000000e2500000|100%| O|  |TAMS 0x00000000e2500000, 0x00000000e2400000| Untracked 
|  37|0x00000000e2500000, 0x00000000e2600000, 0x00000000e2600000|100%| O|  |TAMS 0x00000000e2600000, 0x00000000e2500000| Untracked 
|  38|0x00000000e2600000, 0x00000000e2700000, 0x00000000e2700000|100%| O|  |TAMS 0x00000000e2700000, 0x00000000e2600000| Untracked 
|  39|0x00000000e2700000, 0x00000000e2800000, 0x00000000e2800000|100%|HS|  |TAMS 0x00000000e2800000, 0x00000000e2700000| Complete 
|  40|0x00000000e2800000, 0x00000000e2900000, 0x00000000e2900000|100%|HC|  |TAMS 0x00000000e2900000, 0x00000000e2800000| Complete 
|  41|0x00000000e2900000, 0x00000000e2a00000, 0x00000000e2a00000|100%| O|  |TAMS 0x00000000e2a00000, 0x00000000e2900000| Untracked 
|  42|0x00000000e2a00000, 0x00000000e2b00000, 0x00000000e2b00000|100%| O|  |TAMS 0x00000000e2b00000, 0x00000000e2a00000| Untracked 
|  43|0x00000000e2b00000, 0x00000000e2c00000, 0x00000000e2c00000|100%| O|  |TAMS 0x00000000e2c00000, 0x00000000e2b00000| Untracked 
|  44|0x00000000e2c00000, 0x00000000e2d00000, 0x00000000e2d00000|100%| O|  |TAMS 0x00000000e2d00000, 0x00000000e2c00000| Untracked 
|  45|0x00000000e2d00000, 0x00000000e2e00000, 0x00000000e2e00000|100%| O|  |TAMS 0x00000000e2e00000, 0x00000000e2d00000| Untracked 
|  46|0x00000000e2e00000, 0x00000000e2f00000, 0x00000000e2f00000|100%| O|  |TAMS 0x00000000e2f00000, 0x00000000e2e00000| Untracked 
|  47|0x00000000e2f00000, 0x00000000e3000000, 0x00000000e3000000|100%| O|  |TAMS 0x00000000e3000000, 0x00000000e2f00000| Untracked 
|  48|0x00000000e3000000, 0x00000000e3100000, 0x00000000e3100000|100%| O|  |TAMS 0x00000000e3100000, 0x00000000e3000000| Untracked 
|  49|0x00000000e3100000, 0x00000000e3200000, 0x00000000e3200000|100%| O|  |TAMS 0x00000000e3200000, 0x00000000e3100000| Untracked 
|  50|0x00000000e3200000, 0x00000000e3300000, 0x00000000e3300000|100%| O|  |TAMS 0x00000000e3300000, 0x00000000e3200000| Untracked 
|  51|0x00000000e3300000, 0x00000000e3400000, 0x00000000e3400000|100%| O|  |TAMS 0x00000000e3400000, 0x00000000e3300000| Untracked 
|  52|0x00000000e3400000, 0x00000000e3500000, 0x00000000e3500000|100%| O|  |TAMS 0x00000000e3500000, 0x00000000e3400000| Untracked 
|  53|0x00000000e3500000, 0x00000000e3600000, 0x00000000e3600000|100%| O|  |TAMS 0x00000000e3600000, 0x00000000e3500000| Untracked 
|  54|0x00000000e3600000, 0x00000000e3700000, 0x00000000e3700000|100%| O|  |TAMS 0x00000000e3700000, 0x00000000e3600000| Untracked 
|  55|0x00000000e3700000, 0x00000000e3800000, 0x00000000e3800000|100%| O|  |TAMS 0x00000000e3800000, 0x00000000e3700000| Untracked 
|  56|0x00000000e3800000, 0x00000000e3900000, 0x00000000e3900000|100%| O|  |TAMS 0x00000000e3900000, 0x00000000e3800000| Untracked 
|  57|0x00000000e3900000, 0x00000000e3a00000, 0x00000000e3a00000|100%| O|  |TAMS 0x00000000e3a00000, 0x00000000e3900000| Untracked 
|  58|0x00000000e3a00000, 0x00000000e3b00000, 0x00000000e3b00000|100%| O|  |TAMS 0x00000000e3b00000, 0x00000000e3a00000| Untracked 
|  59|0x00000000e3b00000, 0x00000000e3c00000, 0x00000000e3c00000|100%| O|  |TAMS 0x00000000e3c00000, 0x00000000e3b00000| Untracked 
|  60|0x00000000e3c00000, 0x00000000e3d00000, 0x00000000e3d00000|100%| O|  |TAMS 0x00000000e3d00000, 0x00000000e3c00000| Untracked 
|  61|0x00000000e3d00000, 0x00000000e3e00000, 0x00000000e3e00000|100%| O|  |TAMS 0x00000000e3e00000, 0x00000000e3d00000| Untracked 
|  62|0x00000000e3e00000, 0x00000000e3f00000, 0x00000000e3f00000|100%| O|  |TAMS 0x00000000e3f00000, 0x00000000e3e00000| Complete 
|  63|0x00000000e3f00000, 0x00000000e4000000, 0x00000000e4000000|100%|HS|  |TAMS 0x00000000e4000000, 0x00000000e3f00000| Complete 
|  64|0x00000000e4000000, 0x00000000e4100000, 0x00000000e4100000|100%| O|  |TAMS 0x00000000e4100000, 0x00000000e4000000| Untracked 
|  65|0x00000000e4100000, 0x00000000e4200000, 0x00000000e4200000|100%| O|  |TAMS 0x00000000e4200000, 0x00000000e4100000| Untracked 
|  66|0x00000000e4200000, 0x00000000e4300000, 0x00000000e4300000|100%| O|  |TAMS 0x00000000e4300000, 0x00000000e4200000| Untracked 
|  67|0x00000000e4300000, 0x00000000e4400000, 0x00000000e4400000|100%| O|  |TAMS 0x00000000e4400000, 0x00000000e4300000| Untracked 
|  68|0x00000000e4400000, 0x00000000e4500000, 0x00000000e4500000|100%| O|  |TAMS 0x00000000e4500000, 0x00000000e4400000| Untracked 
|  69|0x00000000e4500000, 0x00000000e4600000, 0x00000000e4600000|100%| O|  |TAMS 0x00000000e4600000, 0x00000000e4500000| Untracked 
|  70|0x00000000e4600000, 0x00000000e4700000, 0x00000000e4700000|100%| O|  |TAMS 0x00000000e4700000, 0x00000000e4600000| Untracked 
|  71|0x00000000e4700000, 0x00000000e4800000, 0x00000000e4800000|100%| O|  |TAMS 0x00000000e4800000, 0x00000000e4700000| Untracked 
|  72|0x00000000e4800000, 0x00000000e4900000, 0x00000000e4900000|100%| O|  |TAMS 0x00000000e4900000, 0x00000000e4800000| Untracked 
|  73|0x00000000e4900000, 0x00000000e4a00000, 0x00000000e4a00000|100%| O|  |TAMS 0x00000000e4a00000, 0x00000000e4900000| Untracked 
|  74|0x00000000e4a00000, 0x00000000e4b00000, 0x00000000e4b00000|100%| O|  |TAMS 0x00000000e4b00000, 0x00000000e4a00000| Untracked 
|  75|0x00000000e4b00000, 0x00000000e4c00000, 0x00000000e4c00000|100%|HS|  |TAMS 0x00000000e4b00000, 0x00000000e4b00000| Complete 
|  76|0x00000000e4c00000, 0x00000000e4d00000, 0x00000000e4d00000|100%| O|  |TAMS 0x00000000e4d00000, 0x00000000e4c00000| Untracked 
|  77|0x00000000e4d00000, 0x00000000e4e00000, 0x00000000e4e00000|100%| O|  |TAMS 0x00000000e4e00000, 0x00000000e4d00000| Untracked 
|  78|0x00000000e4e00000, 0x00000000e4f00000, 0x00000000e4f00000|100%| O|  |TAMS 0x00000000e4f00000, 0x00000000e4e00000| Untracked 
|  79|0x00000000e4f00000, 0x00000000e5000000, 0x00000000e5000000|100%| O|  |TAMS 0x00000000e5000000, 0x00000000e4f00000| Untracked 
|  80|0x00000000e5000000, 0x00000000e5100000, 0x00000000e5100000|100%| O|  |TAMS 0x00000000e5100000, 0x00000000e5000000| Untracked 
|  81|0x00000000e5100000, 0x00000000e5200000, 0x00000000e5200000|100%| O|  |TAMS 0x00000000e5200000, 0x00000000e5100000| Untracked 
|  82|0x00000000e5200000, 0x00000000e5300000, 0x00000000e5300000|100%| O|  |TAMS 0x00000000e5300000, 0x00000000e5200000| Untracked 
|  83|0x00000000e5300000, 0x00000000e5400000, 0x00000000e5400000|100%| O|  |TAMS 0x00000000e5400000, 0x00000000e5300000| Untracked 
|  84|0x00000000e5400000, 0x00000000e5500000, 0x00000000e5500000|100%| O|  |TAMS 0x00000000e5500000, 0x00000000e5400000| Untracked 
|  85|0x00000000e5500000, 0x00000000e5500000, 0x00000000e5600000|  0%| F|  |TAMS 0x00000000e5500000, 0x00000000e5500000| Untracked 
|  86|0x00000000e5600000, 0x00000000e5700000, 0x00000000e5700000|100%| O|  |TAMS 0x00000000e5700000, 0x00000000e5600000| Untracked 
|  87|0x00000000e5700000, 0x00000000e5800000, 0x00000000e5800000|100%| O|  |TAMS 0x00000000e5800000, 0x00000000e5700000| Untracked 
|  88|0x00000000e5800000, 0x00000000e5900000, 0x00000000e5900000|100%| O|  |TAMS 0x00000000e5900000, 0x00000000e5800000| Complete 
|  89|0x00000000e5900000, 0x00000000e5a00000, 0x00000000e5a00000|100%| O|  |TAMS 0x00000000e5a00000, 0x00000000e5900000| Untracked 
|  90|0x00000000e5a00000, 0x00000000e5b00000, 0x00000000e5b00000|100%| O|  |TAMS 0x00000000e5b00000, 0x00000000e5a00000| Untracked 
|  91|0x00000000e5b00000, 0x00000000e5c00000, 0x00000000e5c00000|100%| O|  |TAMS 0x00000000e5c00000, 0x00000000e5b00000| Untracked 
|  92|0x00000000e5c00000, 0x00000000e5d00000, 0x00000000e5d00000|100%| O|  |TAMS 0x00000000e5d00000, 0x00000000e5c00000| Untracked 
|  93|0x00000000e5d00000, 0x00000000e5e00000, 0x00000000e5e00000|100%| O|  |TAMS 0x00000000e5e00000, 0x00000000e5d00000| Untracked 
|  94|0x00000000e5e00000, 0x00000000e5f00000, 0x00000000e5f00000|100%| O|  |TAMS 0x00000000e5f00000, 0x00000000e5e00000| Untracked 
|  95|0x00000000e5f00000, 0x00000000e6000000, 0x00000000e6000000|100%|HS|  |TAMS 0x00000000e6000000, 0x00000000e5f00000| Complete 
|  96|0x00000000e6000000, 0x00000000e6100000, 0x00000000e6100000|100%|HC|  |TAMS 0x00000000e6100000, 0x00000000e6000000| Complete 
|  97|0x00000000e6100000, 0x00000000e6200000, 0x00000000e6200000|100%|HC|  |TAMS 0x00000000e6200000, 0x00000000e6100000| Complete 
|  98|0x00000000e6200000, 0x00000000e6300000, 0x00000000e6300000|100%|HC|  |TAMS 0x00000000e6300000, 0x00000000e6200000| Complete 
|  99|0x00000000e6300000, 0x00000000e6400000, 0x00000000e6400000|100%|HC|  |TAMS 0x00000000e6400000, 0x00000000e6300000| Complete 
| 100|0x00000000e6400000, 0x00000000e6500000, 0x00000000e6500000|100%|HC|  |TAMS 0x00000000e6500000, 0x00000000e6400000| Complete 
| 101|0x00000000e6500000, 0x00000000e6600000, 0x00000000e6600000|100%| O|  |TAMS 0x00000000e6600000, 0x00000000e6500000| Untracked 
| 102|0x00000000e6600000, 0x00000000e6700000, 0x00000000e6700000|100%| O|  |TAMS 0x00000000e6700000, 0x00000000e6600000| Untracked 
| 103|0x00000000e6700000, 0x00000000e6757400, 0x00000000e6800000| 34%| O|  |TAMS 0x00000000e6757400, 0x00000000e6700000| Untracked 
| 104|0x00000000e6800000, 0x00000000e6800000, 0x00000000e6900000|  0%| F|  |TAMS 0x00000000e6800000, 0x00000000e6800000| Untracked 
| 105|0x00000000e6900000, 0x00000000e6a00000, 0x00000000e6a00000|100%| O|  |TAMS 0x00000000e6a00000, 0x00000000e6900000| Complete 
| 106|0x00000000e6a00000, 0x00000000e6b00000, 0x00000000e6b00000|100%| O|  |TAMS 0x00000000e6b00000, 0x00000000e6a00000| Untracked 
| 107|0x00000000e6b00000, 0x00000000e6c00000, 0x00000000e6c00000|100%| O|  |TAMS 0x00000000e6c00000, 0x00000000e6b00000| Untracked 
| 108|0x00000000e6c00000, 0x00000000e6d00000, 0x00000000e6d00000|100%| O|  |TAMS 0x00000000e6d00000, 0x00000000e6c00000| Untracked 
| 109|0x00000000e6d00000, 0x00000000e6e00000, 0x00000000e6e00000|100%| O|  |TAMS 0x00000000e6e00000, 0x00000000e6d00000| Untracked 
| 110|0x00000000e6e00000, 0x00000000e6f00000, 0x00000000e6f00000|100%| O|  |TAMS 0x00000000e6f00000, 0x00000000e6e00000| Untracked 
| 111|0x00000000e6f00000, 0x00000000e6f00000, 0x00000000e7000000|  0%| F|  |TAMS 0x00000000e6f00000, 0x00000000e6f00000| Untracked 
| 112|0x00000000e7000000, 0x00000000e7100000, 0x00000000e7100000|100%| O|  |TAMS 0x00000000e7100000, 0x00000000e7000000| Untracked 
| 113|0x00000000e7100000, 0x00000000e7200000, 0x00000000e7200000|100%| O|  |TAMS 0x00000000e7200000, 0x00000000e7100000| Untracked 
| 114|0x00000000e7200000, 0x00000000e7300000, 0x00000000e7300000|100%| O|  |TAMS 0x00000000e7300000, 0x00000000e7200000| Untracked 
| 115|0x00000000e7300000, 0x00000000e7400000, 0x00000000e7400000|100%| O|  |TAMS 0x00000000e7400000, 0x00000000e7300000| Untracked 
| 116|0x00000000e7400000, 0x00000000e7500000, 0x00000000e7500000|100%| O|  |TAMS 0x00000000e7500000, 0x00000000e7400000| Untracked 
| 117|0x00000000e7500000, 0x00000000e7500000, 0x00000000e7600000|  0%| F|  |TAMS 0x00000000e7500000, 0x00000000e7500000| Untracked 
| 118|0x00000000e7600000, 0x00000000e7600000, 0x00000000e7700000|  0%| F|  |TAMS 0x00000000e7600000, 0x00000000e7600000| Untracked 
| 119|0x00000000e7700000, 0x00000000e7800000, 0x00000000e7800000|100%| O|  |TAMS 0x00000000e7800000, 0x00000000e7700000| Untracked 
| 120|0x00000000e7800000, 0x00000000e7900000, 0x00000000e7900000|100%|HS|  |TAMS 0x00000000e7900000, 0x00000000e7800000| Complete 
| 121|0x00000000e7900000, 0x00000000e7a00000, 0x00000000e7a00000|100%| O|  |TAMS 0x00000000e7a00000, 0x00000000e7900000| Untracked 
| 122|0x00000000e7a00000, 0x00000000e7b00000, 0x00000000e7b00000|100%| O|  |TAMS 0x00000000e7b00000, 0x00000000e7a00000| Untracked 
| 123|0x00000000e7b00000, 0x00000000e7c00000, 0x00000000e7c00000|100%| O|  |TAMS 0x00000000e7c00000, 0x00000000e7b00000| Untracked 
| 124|0x00000000e7c00000, 0x00000000e7d00000, 0x00000000e7d00000|100%| O|  |TAMS 0x00000000e7d00000, 0x00000000e7c00000| Untracked 
| 125|0x00000000e7d00000, 0x00000000e7e00000, 0x00000000e7e00000|100%| O|  |TAMS 0x00000000e7e00000, 0x00000000e7d00000| Untracked 
| 126|0x00000000e7e00000, 0x00000000e7f00000, 0x00000000e7f00000|100%| O|  |TAMS 0x00000000e7f00000, 0x00000000e7e00000| Untracked 
| 127|0x00000000e7f00000, 0x00000000e8000000, 0x00000000e8000000|100%| O|  |TAMS 0x00000000e8000000, 0x00000000e7f00000| Untracked 
| 128|0x00000000e8000000, 0x00000000e8100000, 0x00000000e8100000|100%| O|  |TAMS 0x00000000e8100000, 0x00000000e8000000| Untracked 
| 129|0x00000000e8100000, 0x00000000e8200000, 0x00000000e8200000|100%| O|  |TAMS 0x00000000e8200000, 0x00000000e8100000| Untracked 
| 130|0x00000000e8200000, 0x00000000e8200000, 0x00000000e8300000|  0%| F|  |TAMS 0x00000000e8200000, 0x00000000e8200000| Untracked 
| 131|0x00000000e8300000, 0x00000000e8400000, 0x00000000e8400000|100%| O|  |TAMS 0x00000000e8400000, 0x00000000e8300000| Untracked 
| 132|0x00000000e8400000, 0x00000000e8500000, 0x00000000e8500000|100%| O|  |TAMS 0x00000000e8500000, 0x00000000e8400000| Untracked 
| 133|0x00000000e8500000, 0x00000000e8600000, 0x00000000e8600000|100%| O|  |TAMS 0x00000000e8600000, 0x00000000e8500000| Untracked 
| 134|0x00000000e8600000, 0x00000000e8700000, 0x00000000e8700000|100%| O|  |TAMS 0x00000000e8700000, 0x00000000e8600000| Untracked 
| 135|0x00000000e8700000, 0x00000000e8800000, 0x00000000e8800000|100%| O|  |TAMS 0x00000000e8800000, 0x00000000e8700000| Untracked 
| 136|0x00000000e8800000, 0x00000000e8900000, 0x00000000e8900000|100%| O|  |TAMS 0x00000000e8900000, 0x00000000e8800000| Untracked 
| 137|0x00000000e8900000, 0x00000000e8a00000, 0x00000000e8a00000|100%| O|  |TAMS 0x00000000e8a00000, 0x00000000e8900000| Untracked 
| 138|0x00000000e8a00000, 0x00000000e8b00000, 0x00000000e8b00000|100%|HS|  |TAMS 0x00000000e8b00000, 0x00000000e8a00000| Complete 
| 139|0x00000000e8b00000, 0x00000000e8c00000, 0x00000000e8c00000|100%|HC|  |TAMS 0x00000000e8c00000, 0x00000000e8b00000| Complete 
| 140|0x00000000e8c00000, 0x00000000e8d00000, 0x00000000e8d00000|100%| O|  |TAMS 0x00000000e8d00000, 0x00000000e8c00000| Untracked 
| 141|0x00000000e8d00000, 0x00000000e8e00000, 0x00000000e8e00000|100%| O|  |TAMS 0x00000000e8e00000, 0x00000000e8d00000| Untracked 
| 142|0x00000000e8e00000, 0x00000000e8f00000, 0x00000000e8f00000|100%|HS|  |TAMS 0x00000000e8f00000, 0x00000000e8e00000| Complete 
| 143|0x00000000e8f00000, 0x00000000e9000000, 0x00000000e9000000|100%|HC|  |TAMS 0x00000000e9000000, 0x00000000e8f00000| Complete 
| 144|0x00000000e9000000, 0x00000000e9100000, 0x00000000e9100000|100%| O|  |TAMS 0x00000000e9100000, 0x00000000e9000000| Untracked 
| 145|0x00000000e9100000, 0x00000000e9200000, 0x00000000e9200000|100%| O|  |TAMS 0x00000000e9200000, 0x00000000e9100000| Untracked 
| 146|0x00000000e9200000, 0x00000000e9300000, 0x00000000e9300000|100%| O|  |TAMS 0x00000000e9300000, 0x00000000e9200000| Untracked 
| 147|0x00000000e9300000, 0x00000000e9400000, 0x00000000e9400000|100%| O|  |TAMS 0x00000000e9400000, 0x00000000e9300000| Untracked 
| 148|0x00000000e9400000, 0x00000000e9500000, 0x00000000e9500000|100%| O|  |TAMS 0x00000000e9500000, 0x00000000e9400000| Untracked 
| 149|0x00000000e9500000, 0x00000000e9600000, 0x00000000e9600000|100%| O|  |TAMS 0x00000000e9600000, 0x00000000e9500000| Untracked 
| 150|0x00000000e9600000, 0x00000000e9700000, 0x00000000e9700000|100%| O|  |TAMS 0x00000000e9700000, 0x00000000e9600000| Untracked 
| 151|0x00000000e9700000, 0x00000000e9800000, 0x00000000e9800000|100%| O|  |TAMS 0x00000000e9800000, 0x00000000e9700000| Untracked 
| 152|0x00000000e9800000, 0x00000000e9900000, 0x00000000e9900000|100%| O|  |TAMS 0x00000000e9900000, 0x00000000e9800000| Untracked 
| 153|0x00000000e9900000, 0x00000000e9a00000, 0x00000000e9a00000|100%| O|  |TAMS 0x00000000e9a00000, 0x00000000e9900000| Untracked 
| 154|0x00000000e9a00000, 0x00000000e9b00000, 0x00000000e9b00000|100%|HS|  |TAMS 0x00000000e9b00000, 0x00000000e9a00000| Complete 
| 155|0x00000000e9b00000, 0x00000000e9c00000, 0x00000000e9c00000|100%|HC|  |TAMS 0x00000000e9c00000, 0x00000000e9b00000| Complete 
| 156|0x00000000e9c00000, 0x00000000e9d00000, 0x00000000e9d00000|100%|HC|  |TAMS 0x00000000e9d00000, 0x00000000e9c00000| Complete 
| 157|0x00000000e9d00000, 0x00000000e9e00000, 0x00000000e9e00000|100%| O|  |TAMS 0x00000000e9e00000, 0x00000000e9d00000| Untracked 
| 158|0x00000000e9e00000, 0x00000000e9f00000, 0x00000000e9f00000|100%| O|  |TAMS 0x00000000e9f00000, 0x00000000e9e00000| Untracked 
| 159|0x00000000e9f00000, 0x00000000ea000000, 0x00000000ea000000|100%| O|  |TAMS 0x00000000ea000000, 0x00000000e9f00000| Untracked 
| 160|0x00000000ea000000, 0x00000000ea100000, 0x00000000ea100000|100%|HS|  |TAMS 0x00000000ea100000, 0x00000000ea000000| Complete 
| 161|0x00000000ea100000, 0x00000000ea200000, 0x00000000ea200000|100%|HC|  |TAMS 0x00000000ea200000, 0x00000000ea100000| Complete 
| 162|0x00000000ea200000, 0x00000000ea300000, 0x00000000ea300000|100%|HC|  |TAMS 0x00000000ea300000, 0x00000000ea200000| Complete 
| 163|0x00000000ea300000, 0x00000000ea400000, 0x00000000ea400000|100%| O|  |TAMS 0x00000000ea400000, 0x00000000ea300000| Untracked 
| 164|0x00000000ea400000, 0x00000000ea500000, 0x00000000ea500000|100%| O|  |TAMS 0x00000000ea500000, 0x00000000ea400000| Untracked 
| 165|0x00000000ea500000, 0x00000000ea600000, 0x00000000ea600000|100%| O|  |TAMS 0x00000000ea600000, 0x00000000ea500000| Complete 
| 166|0x00000000ea600000, 0x00000000ea700000, 0x00000000ea700000|100%| O|  |TAMS 0x00000000ea700000, 0x00000000ea600000| Untracked 
| 167|0x00000000ea700000, 0x00000000ea800000, 0x00000000ea800000|100%| O|  |TAMS 0x00000000ea800000, 0x00000000ea700000| Untracked 
| 168|0x00000000ea800000, 0x00000000ea800000, 0x00000000ea900000|  0%| F|  |TAMS 0x00000000ea800000, 0x00000000ea800000| Untracked 
| 169|0x00000000ea900000, 0x00000000ea900000, 0x00000000eaa00000|  0%| F|  |TAMS 0x00000000ea900000, 0x00000000ea900000| Untracked 
| 170|0x00000000eaa00000, 0x00000000eaa00000, 0x00000000eab00000|  0%| F|  |TAMS 0x00000000eaa00000, 0x00000000eaa00000| Untracked 
| 171|0x00000000eab00000, 0x00000000eab00000, 0x00000000eac00000|  0%| F|  |TAMS 0x00000000eab00000, 0x00000000eab00000| Untracked 
| 172|0x00000000eac00000, 0x00000000eac00000, 0x00000000ead00000|  0%| F|  |TAMS 0x00000000eac00000, 0x00000000eac00000| Untracked 
| 173|0x00000000ead00000, 0x00000000ead00000, 0x00000000eae00000|  0%| F|  |TAMS 0x00000000ead00000, 0x00000000ead00000| Untracked 
| 174|0x00000000eae00000, 0x00000000eae00000, 0x00000000eaf00000|  0%| F|  |TAMS 0x00000000eae00000, 0x00000000eae00000| Untracked 
| 175|0x00000000eaf00000, 0x00000000eaf00000, 0x00000000eb000000|  0%| F|  |TAMS 0x00000000eaf00000, 0x00000000eaf00000| Untracked 
| 176|0x00000000eb000000, 0x00000000eb100000, 0x00000000eb100000|100%| O|  |TAMS 0x00000000eb100000, 0x00000000eb000000| Untracked 
| 177|0x00000000eb100000, 0x00000000eb200000, 0x00000000eb200000|100%| O|  |TAMS 0x00000000eb200000, 0x00000000eb100000| Untracked 
| 178|0x00000000eb200000, 0x00000000eb300000, 0x00000000eb300000|100%| O|  |TAMS 0x00000000eb300000, 0x00000000eb200000| Untracked 
| 179|0x00000000eb300000, 0x00000000eb300000, 0x00000000eb400000|  0%| F|  |TAMS 0x00000000eb300000, 0x00000000eb300000| Untracked 
| 180|0x00000000eb400000, 0x00000000eb400000, 0x00000000eb500000|  0%| F|  |TAMS 0x00000000eb400000, 0x00000000eb400000| Untracked 
| 181|0x00000000eb500000, 0x00000000eb500000, 0x00000000eb600000|  0%| F|  |TAMS 0x00000000eb500000, 0x00000000eb500000| Untracked 
| 182|0x00000000eb600000, 0x00000000eb700000, 0x00000000eb700000|100%| O|  |TAMS 0x00000000eb700000, 0x00000000eb600000| Untracked 
| 183|0x00000000eb700000, 0x00000000eb700000, 0x00000000eb800000|  0%| F|  |TAMS 0x00000000eb700000, 0x00000000eb700000| Untracked 
| 184|0x00000000eb800000, 0x00000000eb800000, 0x00000000eb900000|  0%| F|  |TAMS 0x00000000eb800000, 0x00000000eb800000| Untracked 
| 185|0x00000000eb900000, 0x00000000eb900000, 0x00000000eba00000|  0%| F|  |TAMS 0x00000000eb900000, 0x00000000eb900000| Untracked 
| 186|0x00000000eba00000, 0x00000000eba00000, 0x00000000ebb00000|  0%| F|  |TAMS 0x00000000eba00000, 0x00000000eba00000| Untracked 
| 187|0x00000000ebb00000, 0x00000000ebb00000, 0x00000000ebc00000|  0%| F|  |TAMS 0x00000000ebb00000, 0x00000000ebb00000| Untracked 
| 188|0x00000000ebc00000, 0x00000000ebc00000, 0x00000000ebd00000|  0%| F|  |TAMS 0x00000000ebc00000, 0x00000000ebc00000| Untracked 
| 189|0x00000000ebd00000, 0x00000000ebd00000, 0x00000000ebe00000|  0%| F|  |TAMS 0x00000000ebd00000, 0x00000000ebd00000| Untracked 
| 190|0x00000000ebe00000, 0x00000000ebe00000, 0x00000000ebf00000|  0%| F|  |TAMS 0x00000000ebe00000, 0x00000000ebe00000| Untracked 
| 191|0x00000000ebf00000, 0x00000000ebf00000, 0x00000000ec000000|  0%| F|  |TAMS 0x00000000ebf00000, 0x00000000ebf00000| Untracked 
| 192|0x00000000ec000000, 0x00000000ec000000, 0x00000000ec100000|  0%| F|  |TAMS 0x00000000ec000000, 0x00000000ec000000| Untracked 
| 193|0x00000000ec100000, 0x00000000ec100000, 0x00000000ec200000|  0%| F|  |TAMS 0x00000000ec100000, 0x00000000ec100000| Untracked 
| 194|0x00000000ec200000, 0x00000000ec200000, 0x00000000ec300000|  0%| F|  |TAMS 0x00000000ec200000, 0x00000000ec200000| Untracked 
| 195|0x00000000ec300000, 0x00000000ec300000, 0x00000000ec400000|  0%| F|  |TAMS 0x00000000ec300000, 0x00000000ec300000| Untracked 
| 196|0x00000000ec400000, 0x00000000ec400000, 0x00000000ec500000|  0%| F|  |TAMS 0x00000000ec400000, 0x00000000ec400000| Untracked 
| 197|0x00000000ec500000, 0x00000000ec500000, 0x00000000ec600000|  0%| F|  |TAMS 0x00000000ec500000, 0x00000000ec500000| Untracked 
| 198|0x00000000ec600000, 0x00000000ec600000, 0x00000000ec700000|  0%| F|  |TAMS 0x00000000ec600000, 0x00000000ec600000| Untracked 
| 199|0x00000000ec700000, 0x00000000ec700000, 0x00000000ec800000|  0%| F|  |TAMS 0x00000000ec700000, 0x00000000ec700000| Untracked 
| 200|0x00000000ec800000, 0x00000000ec800000, 0x00000000ec900000|  0%| F|  |TAMS 0x00000000ec800000, 0x00000000ec800000| Untracked 
| 201|0x00000000ec900000, 0x00000000ec900000, 0x00000000eca00000|  0%| F|  |TAMS 0x00000000ec900000, 0x00000000ec900000| Untracked 
| 202|0x00000000eca00000, 0x00000000eca00000, 0x00000000ecb00000|  0%| F|  |TAMS 0x00000000eca00000, 0x00000000eca00000| Untracked 
| 203|0x00000000ecb00000, 0x00000000ecb00000, 0x00000000ecc00000|  0%| F|  |TAMS 0x00000000ecb00000, 0x00000000ecb00000| Untracked 
| 204|0x00000000ecc00000, 0x00000000ecc00000, 0x00000000ecd00000|  0%| F|  |TAMS 0x00000000ecc00000, 0x00000000ecc00000| Untracked 
| 205|0x00000000ecd00000, 0x00000000ecd00000, 0x00000000ece00000|  0%| F|  |TAMS 0x00000000ecd00000, 0x00000000ecd00000| Untracked 
| 206|0x00000000ece00000, 0x00000000ece00000, 0x00000000ecf00000|  0%| F|  |TAMS 0x00000000ece00000, 0x00000000ece00000| Untracked 
| 207|0x00000000ecf00000, 0x00000000ecf00000, 0x00000000ed000000|  0%| F|  |TAMS 0x00000000ecf00000, 0x00000000ecf00000| Untracked 
| 208|0x00000000ed000000, 0x00000000ed000000, 0x00000000ed100000|  0%| F|  |TAMS 0x00000000ed000000, 0x00000000ed000000| Untracked 
| 209|0x00000000ed100000, 0x00000000ed100000, 0x00000000ed200000|  0%| F|  |TAMS 0x00000000ed100000, 0x00000000ed100000| Untracked 
| 210|0x00000000ed200000, 0x00000000ed200000, 0x00000000ed300000|  0%| F|  |TAMS 0x00000000ed200000, 0x00000000ed200000| Untracked 
| 211|0x00000000ed300000, 0x00000000ed300000, 0x00000000ed400000|  0%| F|  |TAMS 0x00000000ed300000, 0x00000000ed300000| Untracked 
| 212|0x00000000ed400000, 0x00000000ed400000, 0x00000000ed500000|  0%| F|  |TAMS 0x00000000ed400000, 0x00000000ed400000| Untracked 
| 213|0x00000000ed500000, 0x00000000ed500000, 0x00000000ed600000|  0%| F|  |TAMS 0x00000000ed500000, 0x00000000ed500000| Untracked 
| 214|0x00000000ed600000, 0x00000000ed600000, 0x00000000ed700000|  0%| F|  |TAMS 0x00000000ed600000, 0x00000000ed600000| Untracked 
| 215|0x00000000ed700000, 0x00000000ed700000, 0x00000000ed800000|  0%| F|  |TAMS 0x00000000ed700000, 0x00000000ed700000| Untracked 
| 216|0x00000000ed800000, 0x00000000ed800000, 0x00000000ed900000|  0%| F|  |TAMS 0x00000000ed800000, 0x00000000ed800000| Untracked 
| 217|0x00000000ed900000, 0x00000000ed900000, 0x00000000eda00000|  0%| F|  |TAMS 0x00000000ed900000, 0x00000000ed900000| Untracked 
| 218|0x00000000eda00000, 0x00000000eda00000, 0x00000000edb00000|  0%| F|  |TAMS 0x00000000eda00000, 0x00000000eda00000| Untracked 
| 219|0x00000000edb00000, 0x00000000edb00000, 0x00000000edc00000|  0%| F|  |TAMS 0x00000000edb00000, 0x00000000edb00000| Untracked 
| 220|0x00000000edc00000, 0x00000000edc4c860, 0x00000000edd00000| 29%| S|CS|TAMS 0x00000000edc00000, 0x00000000edc00000| Complete 
| 221|0x00000000edd00000, 0x00000000ede00000, 0x00000000ede00000|100%| S|CS|TAMS 0x00000000edd00000, 0x00000000edd00000| Complete 
| 222|0x00000000ede00000, 0x00000000edf00000, 0x00000000edf00000|100%| S|CS|TAMS 0x00000000ede00000, 0x00000000ede00000| Complete 
| 223|0x00000000edf00000, 0x00000000ee000000, 0x00000000ee000000|100%| S|CS|TAMS 0x00000000edf00000, 0x00000000edf00000| Complete 
| 224|0x00000000ee000000, 0x00000000ee100000, 0x00000000ee100000|100%| S|CS|TAMS 0x00000000ee000000, 0x00000000ee000000| Complete 
| 225|0x00000000ee100000, 0x00000000ee100000, 0x00000000ee200000|  0%| F|  |TAMS 0x00000000ee100000, 0x00000000ee100000| Untracked 
| 226|0x00000000ee200000, 0x00000000ee200000, 0x00000000ee300000|  0%| F|  |TAMS 0x00000000ee200000, 0x00000000ee200000| Untracked 
| 227|0x00000000ee300000, 0x00000000ee300000, 0x00000000ee400000|  0%| F|  |TAMS 0x00000000ee300000, 0x00000000ee300000| Untracked 
| 228|0x00000000ee400000, 0x00000000ee400000, 0x00000000ee500000|  0%| F|  |TAMS 0x00000000ee400000, 0x00000000ee400000| Untracked 
| 229|0x00000000ee500000, 0x00000000ee500000, 0x00000000ee600000|  0%| F|  |TAMS 0x00000000ee500000, 0x00000000ee500000| Untracked 
| 230|0x00000000ee600000, 0x00000000ee600000, 0x00000000ee700000|  0%| F|  |TAMS 0x00000000ee600000, 0x00000000ee600000| Untracked 
| 231|0x00000000ee700000, 0x00000000ee700000, 0x00000000ee800000|  0%| F|  |TAMS 0x00000000ee700000, 0x00000000ee700000| Untracked 
| 232|0x00000000ee800000, 0x00000000ee800000, 0x00000000ee900000|  0%| F|  |TAMS 0x00000000ee800000, 0x00000000ee800000| Untracked 
| 233|0x00000000ee900000, 0x00000000ee900000, 0x00000000eea00000|  0%| F|  |TAMS 0x00000000ee900000, 0x00000000ee900000| Untracked 
| 234|0x00000000eea00000, 0x00000000eea00000, 0x00000000eeb00000|  0%| F|  |TAMS 0x00000000eea00000, 0x00000000eea00000| Untracked 
| 235|0x00000000eeb00000, 0x00000000eeb00000, 0x00000000eec00000|  0%| F|  |TAMS 0x00000000eeb00000, 0x00000000eeb00000| Untracked 
| 236|0x00000000eec00000, 0x00000000eec00000, 0x00000000eed00000|  0%| F|  |TAMS 0x00000000eec00000, 0x00000000eec00000| Untracked 
| 237|0x00000000eed00000, 0x00000000eed00000, 0x00000000eee00000|  0%| F|  |TAMS 0x00000000eed00000, 0x00000000eed00000| Untracked 
| 238|0x00000000eee00000, 0x00000000eee00000, 0x00000000eef00000|  0%| F|  |TAMS 0x00000000eee00000, 0x00000000eee00000| Untracked 
| 239|0x00000000eef00000, 0x00000000eef00000, 0x00000000ef000000|  0%| F|  |TAMS 0x00000000eef00000, 0x00000000eef00000| Untracked 
| 240|0x00000000ef000000, 0x00000000ef000000, 0x00000000ef100000|  0%| F|  |TAMS 0x00000000ef000000, 0x00000000ef000000| Untracked 
| 241|0x00000000ef100000, 0x00000000ef100000, 0x00000000ef200000|  0%| F|  |TAMS 0x00000000ef100000, 0x00000000ef100000| Untracked 
| 242|0x00000000ef200000, 0x00000000ef200000, 0x00000000ef300000|  0%| F|  |TAMS 0x00000000ef200000, 0x00000000ef200000| Untracked 
| 243|0x00000000ef300000, 0x00000000ef300000, 0x00000000ef400000|  0%| F|  |TAMS 0x00000000ef300000, 0x00000000ef300000| Untracked 
| 244|0x00000000ef400000, 0x00000000ef400000, 0x00000000ef500000|  0%| F|  |TAMS 0x00000000ef400000, 0x00000000ef400000| Untracked 
| 245|0x00000000ef500000, 0x00000000ef500000, 0x00000000ef600000|  0%| F|  |TAMS 0x00000000ef500000, 0x00000000ef500000| Untracked 
| 246|0x00000000ef600000, 0x00000000ef600000, 0x00000000ef700000|  0%| F|  |TAMS 0x00000000ef600000, 0x00000000ef600000| Untracked 
| 247|0x00000000ef700000, 0x00000000ef700000, 0x00000000ef800000|  0%| F|  |TAMS 0x00000000ef700000, 0x00000000ef700000| Untracked 
| 248|0x00000000ef800000, 0x00000000ef800000, 0x00000000ef900000|  0%| F|  |TAMS 0x00000000ef800000, 0x00000000ef800000| Untracked 
| 249|0x00000000ef900000, 0x00000000ef900000, 0x00000000efa00000|  0%| F|  |TAMS 0x00000000ef900000, 0x00000000ef900000| Untracked 
| 250|0x00000000efa00000, 0x00000000efa00000, 0x00000000efb00000|  0%| F|  |TAMS 0x00000000efa00000, 0x00000000efa00000| Untracked 
| 251|0x00000000efb00000, 0x00000000efb00000, 0x00000000efc00000|  0%| F|  |TAMS 0x00000000efb00000, 0x00000000efb00000| Untracked 
| 252|0x00000000efc00000, 0x00000000efc00000, 0x00000000efd00000|  0%| F|  |TAMS 0x00000000efc00000, 0x00000000efc00000| Untracked 
| 253|0x00000000efd00000, 0x00000000efd00000, 0x00000000efe00000|  0%| F|  |TAMS 0x00000000efd00000, 0x00000000efd00000| Untracked 
| 254|0x00000000efe00000, 0x00000000efe00000, 0x00000000eff00000|  0%| F|  |TAMS 0x00000000efe00000, 0x00000000efe00000| Untracked 
| 255|0x00000000eff00000, 0x00000000eff00000, 0x00000000f0000000|  0%| F|  |TAMS 0x00000000eff00000, 0x00000000eff00000| Untracked 
| 256|0x00000000f0000000, 0x00000000f0000000, 0x00000000f0100000|  0%| F|  |TAMS 0x00000000f0000000, 0x00000000f0000000| Untracked 
| 257|0x00000000f0100000, 0x00000000f0100000, 0x00000000f0200000|  0%| F|  |TAMS 0x00000000f0100000, 0x00000000f0100000| Untracked 
| 258|0x00000000f0200000, 0x00000000f0200000, 0x00000000f0300000|  0%| F|  |TAMS 0x00000000f0200000, 0x00000000f0200000| Untracked 
| 259|0x00000000f0300000, 0x00000000f0300000, 0x00000000f0400000|  0%| F|  |TAMS 0x00000000f0300000, 0x00000000f0300000| Untracked 
| 260|0x00000000f0400000, 0x00000000f0400000, 0x00000000f0500000|  0%| F|  |TAMS 0x00000000f0400000, 0x00000000f0400000| Untracked 
| 261|0x00000000f0500000, 0x00000000f0500000, 0x00000000f0600000|  0%| F|  |TAMS 0x00000000f0500000, 0x00000000f0500000| Untracked 
| 262|0x00000000f0600000, 0x00000000f0600000, 0x00000000f0700000|  0%| F|  |TAMS 0x00000000f0600000, 0x00000000f0600000| Untracked 
| 263|0x00000000f0700000, 0x00000000f0700000, 0x00000000f0800000|  0%| F|  |TAMS 0x00000000f0700000, 0x00000000f0700000| Untracked 
| 264|0x00000000f0800000, 0x00000000f0800000, 0x00000000f0900000|  0%| F|  |TAMS 0x00000000f0800000, 0x00000000f0800000| Untracked 
| 265|0x00000000f0900000, 0x00000000f0900000, 0x00000000f0a00000|  0%| F|  |TAMS 0x00000000f0900000, 0x00000000f0900000| Untracked 
| 266|0x00000000f0a00000, 0x00000000f0a80000, 0x00000000f0b00000| 50%| E|  |TAMS 0x00000000f0a00000, 0x00000000f0a00000| Complete 
| 267|0x00000000f0b00000, 0x00000000f0c00000, 0x00000000f0c00000|100%| E|CS|TAMS 0x00000000f0b00000, 0x00000000f0b00000| Complete 
| 268|0x00000000f0c00000, 0x00000000f0d00000, 0x00000000f0d00000|100%| E|CS|TAMS 0x00000000f0c00000, 0x00000000f0c00000| Complete 
| 269|0x00000000f0d00000, 0x00000000f0e00000, 0x00000000f0e00000|100%| E|CS|TAMS 0x00000000f0d00000, 0x00000000f0d00000| Complete 
| 270|0x00000000f0e00000, 0x00000000f0f00000, 0x00000000f0f00000|100%| E|CS|TAMS 0x00000000f0e00000, 0x00000000f0e00000| Complete 
| 271|0x00000000f0f00000, 0x00000000f1000000, 0x00000000f1000000|100%| E|CS|TAMS 0x00000000f0f00000, 0x00000000f0f00000| Complete 
| 272|0x00000000f1000000, 0x00000000f1100000, 0x00000000f1100000|100%| E|CS|TAMS 0x00000000f1000000, 0x00000000f1000000| Complete 
| 273|0x00000000f1100000, 0x00000000f1200000, 0x00000000f1200000|100%| E|CS|TAMS 0x00000000f1100000, 0x00000000f1100000| Complete 
| 274|0x00000000f1200000, 0x00000000f1300000, 0x00000000f1300000|100%| E|CS|TAMS 0x00000000f1200000, 0x00000000f1200000| Complete 
| 275|0x00000000f1300000, 0x00000000f1400000, 0x00000000f1400000|100%| E|CS|TAMS 0x00000000f1300000, 0x00000000f1300000| Complete 
| 276|0x00000000f1400000, 0x00000000f1500000, 0x00000000f1500000|100%| E|CS|TAMS 0x00000000f1400000, 0x00000000f1400000| Complete 
| 277|0x00000000f1500000, 0x00000000f1600000, 0x00000000f1600000|100%| E|CS|TAMS 0x00000000f1500000, 0x00000000f1500000| Complete 
| 278|0x00000000f1600000, 0x00000000f1700000, 0x00000000f1700000|100%| E|CS|TAMS 0x00000000f1600000, 0x00000000f1600000| Complete 
| 279|0x00000000f1700000, 0x00000000f1800000, 0x00000000f1800000|100%| E|CS|TAMS 0x00000000f1700000, 0x00000000f1700000| Complete 
| 280|0x00000000f1800000, 0x00000000f1900000, 0x00000000f1900000|100%| E|CS|TAMS 0x00000000f1800000, 0x00000000f1800000| Complete 
| 281|0x00000000f1900000, 0x00000000f1a00000, 0x00000000f1a00000|100%| E|CS|TAMS 0x00000000f1900000, 0x00000000f1900000| Complete 
| 282|0x00000000f1a00000, 0x00000000f1b00000, 0x00000000f1b00000|100%| E|CS|TAMS 0x00000000f1a00000, 0x00000000f1a00000| Complete 
| 283|0x00000000f1b00000, 0x00000000f1c00000, 0x00000000f1c00000|100%| E|CS|TAMS 0x00000000f1b00000, 0x00000000f1b00000| Complete 
| 284|0x00000000f1c00000, 0x00000000f1d00000, 0x00000000f1d00000|100%| E|CS|TAMS 0x00000000f1c00000, 0x00000000f1c00000| Complete 
| 285|0x00000000f1d00000, 0x00000000f1e00000, 0x00000000f1e00000|100%| E|CS|TAMS 0x00000000f1d00000, 0x00000000f1d00000| Complete 
| 286|0x00000000f1e00000, 0x00000000f1f00000, 0x00000000f1f00000|100%| E|CS|TAMS 0x00000000f1e00000, 0x00000000f1e00000| Complete 
| 287|0x00000000f1f00000, 0x00000000f2000000, 0x00000000f2000000|100%| E|CS|TAMS 0x00000000f1f00000, 0x00000000f1f00000| Complete 
| 288|0x00000000f2000000, 0x00000000f2100000, 0x00000000f2100000|100%| E|CS|TAMS 0x00000000f2000000, 0x00000000f2000000| Complete 
| 289|0x00000000f2100000, 0x00000000f2200000, 0x00000000f2200000|100%| E|CS|TAMS 0x00000000f2100000, 0x00000000f2100000| Complete 
| 290|0x00000000f2200000, 0x00000000f2300000, 0x00000000f2300000|100%| E|CS|TAMS 0x00000000f2200000, 0x00000000f2200000| Complete 
| 291|0x00000000f2300000, 0x00000000f2400000, 0x00000000f2400000|100%| E|CS|TAMS 0x00000000f2300000, 0x00000000f2300000| Complete 
| 292|0x00000000f2400000, 0x00000000f2500000, 0x00000000f2500000|100%| E|CS|TAMS 0x00000000f2400000, 0x00000000f2400000| Complete 
| 293|0x00000000f2500000, 0x00000000f2600000, 0x00000000f2600000|100%| E|CS|TAMS 0x00000000f2500000, 0x00000000f2500000| Complete 
| 294|0x00000000f2600000, 0x00000000f2700000, 0x00000000f2700000|100%| E|CS|TAMS 0x00000000f2600000, 0x00000000f2600000| Complete 
| 295|0x00000000f2700000, 0x00000000f2800000, 0x00000000f2800000|100%| E|CS|TAMS 0x00000000f2700000, 0x00000000f2700000| Complete 
| 296|0x00000000f2800000, 0x00000000f2900000, 0x00000000f2900000|100%| E|CS|TAMS 0x00000000f2800000, 0x00000000f2800000| Complete 
| 297|0x00000000f2900000, 0x00000000f2a00000, 0x00000000f2a00000|100%| E|CS|TAMS 0x00000000f2900000, 0x00000000f2900000| Complete 
| 298|0x00000000f2a00000, 0x00000000f2b00000, 0x00000000f2b00000|100%| E|CS|TAMS 0x00000000f2a00000, 0x00000000f2a00000| Complete 
| 299|0x00000000f2b00000, 0x00000000f2c00000, 0x00000000f2c00000|100%| E|CS|TAMS 0x00000000f2b00000, 0x00000000f2b00000| Complete 
| 300|0x00000000f2c00000, 0x00000000f2d00000, 0x00000000f2d00000|100%| E|CS|TAMS 0x00000000f2c00000, 0x00000000f2c00000| Complete 
| 301|0x00000000f2d00000, 0x00000000f2e00000, 0x00000000f2e00000|100%| E|CS|TAMS 0x00000000f2d00000, 0x00000000f2d00000| Complete 
| 302|0x00000000f2e00000, 0x00000000f2f00000, 0x00000000f2f00000|100%| E|CS|TAMS 0x00000000f2e00000, 0x00000000f2e00000| Complete 
| 303|0x00000000f2f00000, 0x00000000f3000000, 0x00000000f3000000|100%| E|CS|TAMS 0x00000000f2f00000, 0x00000000f2f00000| Complete 
| 304|0x00000000f3000000, 0x00000000f3100000, 0x00000000f3100000|100%| E|CS|TAMS 0x00000000f3000000, 0x00000000f3000000| Complete 
| 305|0x00000000f3100000, 0x00000000f3200000, 0x00000000f3200000|100%| E|CS|TAMS 0x00000000f3100000, 0x00000000f3100000| Complete 
| 306|0x00000000f3200000, 0x00000000f3300000, 0x00000000f3300000|100%| E|CS|TAMS 0x00000000f3200000, 0x00000000f3200000| Complete 
| 307|0x00000000f3300000, 0x00000000f3400000, 0x00000000f3400000|100%| E|CS|TAMS 0x00000000f3300000, 0x00000000f3300000| Complete 
| 308|0x00000000f3400000, 0x00000000f3500000, 0x00000000f3500000|100%| E|CS|TAMS 0x00000000f3400000, 0x00000000f3400000| Complete 
| 309|0x00000000f3500000, 0x00000000f3600000, 0x00000000f3600000|100%| E|CS|TAMS 0x00000000f3500000, 0x00000000f3500000| Complete 
| 310|0x00000000f3600000, 0x00000000f3700000, 0x00000000f3700000|100%| E|CS|TAMS 0x00000000f3600000, 0x00000000f3600000| Complete 
| 311|0x00000000f3700000, 0x00000000f3800000, 0x00000000f3800000|100%| E|CS|TAMS 0x00000000f3700000, 0x00000000f3700000| Complete 
| 312|0x00000000f3800000, 0x00000000f3900000, 0x00000000f3900000|100%| E|CS|TAMS 0x00000000f3800000, 0x00000000f3800000| Complete 
| 313|0x00000000f3900000, 0x00000000f3a00000, 0x00000000f3a00000|100%| E|CS|TAMS 0x00000000f3900000, 0x00000000f3900000| Complete 
| 314|0x00000000f3a00000, 0x00000000f3b00000, 0x00000000f3b00000|100%| E|CS|TAMS 0x00000000f3a00000, 0x00000000f3a00000| Complete 
| 315|0x00000000f3b00000, 0x00000000f3c00000, 0x00000000f3c00000|100%| E|CS|TAMS 0x00000000f3b00000, 0x00000000f3b00000| Complete 
| 316|0x00000000f3c00000, 0x00000000f3d00000, 0x00000000f3d00000|100%| E|CS|TAMS 0x00000000f3c00000, 0x00000000f3c00000| Complete 
| 317|0x00000000f3d00000, 0x00000000f3e00000, 0x00000000f3e00000|100%| E|CS|TAMS 0x00000000f3d00000, 0x00000000f3d00000| Complete 
| 318|0x00000000f3e00000, 0x00000000f3f00000, 0x00000000f3f00000|100%| E|CS|TAMS 0x00000000f3e00000, 0x00000000f3e00000| Complete 
| 319|0x00000000f3f00000, 0x00000000f4000000, 0x00000000f4000000|100%| E|CS|TAMS 0x00000000f3f00000, 0x00000000f3f00000| Complete 
| 320|0x00000000f4000000, 0x00000000f4100000, 0x00000000f4100000|100%| E|CS|TAMS 0x00000000f4000000, 0x00000000f4000000| Complete 
| 321|0x00000000f4100000, 0x00000000f4200000, 0x00000000f4200000|100%| E|CS|TAMS 0x00000000f4100000, 0x00000000f4100000| Complete 
| 322|0x00000000f4200000, 0x00000000f4300000, 0x00000000f4300000|100%| E|CS|TAMS 0x00000000f4200000, 0x00000000f4200000| Complete 
| 323|0x00000000f4300000, 0x00000000f4400000, 0x00000000f4400000|100%| E|CS|TAMS 0x00000000f4300000, 0x00000000f4300000| Complete 
| 324|0x00000000f4400000, 0x00000000f4500000, 0x00000000f4500000|100%| E|CS|TAMS 0x00000000f4400000, 0x00000000f4400000| Complete 
| 325|0x00000000f4500000, 0x00000000f4600000, 0x00000000f4600000|100%| E|CS|TAMS 0x00000000f4500000, 0x00000000f4500000| Complete 
| 326|0x00000000f4600000, 0x00000000f4700000, 0x00000000f4700000|100%| E|CS|TAMS 0x00000000f4600000, 0x00000000f4600000| Complete 
| 327|0x00000000f4700000, 0x00000000f4800000, 0x00000000f4800000|100%| E|CS|TAMS 0x00000000f4700000, 0x00000000f4700000| Complete 
| 328|0x00000000f4800000, 0x00000000f4900000, 0x00000000f4900000|100%| E|CS|TAMS 0x00000000f4800000, 0x00000000f4800000| Complete 
| 329|0x00000000f4900000, 0x00000000f4a00000, 0x00000000f4a00000|100%| E|CS|TAMS 0x00000000f4900000, 0x00000000f4900000| Complete 
| 330|0x00000000f4a00000, 0x00000000f4b00000, 0x00000000f4b00000|100%| E|CS|TAMS 0x00000000f4a00000, 0x00000000f4a00000| Complete 
| 331|0x00000000f4b00000, 0x00000000f4c00000, 0x00000000f4c00000|100%| E|CS|TAMS 0x00000000f4b00000, 0x00000000f4b00000| Complete 
| 332|0x00000000f4c00000, 0x00000000f4d00000, 0x00000000f4d00000|100%| E|CS|TAMS 0x00000000f4c00000, 0x00000000f4c00000| Complete 
| 333|0x00000000f4d00000, 0x00000000f4e00000, 0x00000000f4e00000|100%| E|CS|TAMS 0x00000000f4d00000, 0x00000000f4d00000| Complete 
| 334|0x00000000f4e00000, 0x00000000f4f00000, 0x00000000f4f00000|100%| E|CS|TAMS 0x00000000f4e00000, 0x00000000f4e00000| Complete 
| 335|0x00000000f4f00000, 0x00000000f5000000, 0x00000000f5000000|100%| E|CS|TAMS 0x00000000f4f00000, 0x00000000f4f00000| Complete 
| 336|0x00000000f5000000, 0x00000000f5100000, 0x00000000f5100000|100%| E|CS|TAMS 0x00000000f5000000, 0x00000000f5000000| Complete 
| 337|0x00000000f5100000, 0x00000000f5200000, 0x00000000f5200000|100%| E|CS|TAMS 0x00000000f5100000, 0x00000000f5100000| Complete 
| 338|0x00000000f5200000, 0x00000000f5300000, 0x00000000f5300000|100%| E|CS|TAMS 0x00000000f5200000, 0x00000000f5200000| Complete 
| 339|0x00000000f5300000, 0x00000000f5400000, 0x00000000f5400000|100%| E|CS|TAMS 0x00000000f5300000, 0x00000000f5300000| Complete 
| 340|0x00000000f5400000, 0x00000000f5500000, 0x00000000f5500000|100%| E|CS|TAMS 0x00000000f5400000, 0x00000000f5400000| Complete 
| 341|0x00000000f5500000, 0x00000000f5600000, 0x00000000f5600000|100%| E|CS|TAMS 0x00000000f5500000, 0x00000000f5500000| Complete 
| 342|0x00000000f5600000, 0x00000000f5700000, 0x00000000f5700000|100%| E|CS|TAMS 0x00000000f5600000, 0x00000000f5600000| Complete 
| 343|0x00000000f5700000, 0x00000000f5800000, 0x00000000f5800000|100%| E|CS|TAMS 0x00000000f5700000, 0x00000000f5700000| Complete 
| 344|0x00000000f5800000, 0x00000000f5900000, 0x00000000f5900000|100%| E|CS|TAMS 0x00000000f5800000, 0x00000000f5800000| Complete 
| 345|0x00000000f5900000, 0x00000000f5a00000, 0x00000000f5a00000|100%| E|CS|TAMS 0x00000000f5900000, 0x00000000f5900000| Complete 
| 346|0x00000000f5a00000, 0x00000000f5b00000, 0x00000000f5b00000|100%| E|CS|TAMS 0x00000000f5a00000, 0x00000000f5a00000| Complete 
| 347|0x00000000f5b00000, 0x00000000f5c00000, 0x00000000f5c00000|100%| E|CS|TAMS 0x00000000f5b00000, 0x00000000f5b00000| Complete 
| 348|0x00000000f5c00000, 0x00000000f5d00000, 0x00000000f5d00000|100%| E|CS|TAMS 0x00000000f5c00000, 0x00000000f5c00000| Complete 
| 349|0x00000000f5d00000, 0x00000000f5e00000, 0x00000000f5e00000|100%| E|CS|TAMS 0x00000000f5d00000, 0x00000000f5d00000| Complete 
| 350|0x00000000f5e00000, 0x00000000f5f00000, 0x00000000f5f00000|100%| E|CS|TAMS 0x00000000f5e00000, 0x00000000f5e00000| Complete 
| 351|0x00000000f5f00000, 0x00000000f6000000, 0x00000000f6000000|100%| E|CS|TAMS 0x00000000f5f00000, 0x00000000f5f00000| Complete 
| 352|0x00000000f6000000, 0x00000000f6100000, 0x00000000f6100000|100%| E|CS|TAMS 0x00000000f6000000, 0x00000000f6000000| Complete 
| 353|0x00000000f6100000, 0x00000000f6200000, 0x00000000f6200000|100%| E|CS|TAMS 0x00000000f6100000, 0x00000000f6100000| Complete 
| 354|0x00000000f6200000, 0x00000000f6300000, 0x00000000f6300000|100%| E|CS|TAMS 0x00000000f6200000, 0x00000000f6200000| Complete 
| 355|0x00000000f6300000, 0x00000000f6400000, 0x00000000f6400000|100%| E|CS|TAMS 0x00000000f6300000, 0x00000000f6300000| Complete 
| 356|0x00000000f6400000, 0x00000000f6500000, 0x00000000f6500000|100%| E|CS|TAMS 0x00000000f6400000, 0x00000000f6400000| Complete 
| 357|0x00000000f6500000, 0x00000000f6600000, 0x00000000f6600000|100%| E|CS|TAMS 0x00000000f6500000, 0x00000000f6500000| Complete 
| 358|0x00000000f6600000, 0x00000000f6700000, 0x00000000f6700000|100%| E|CS|TAMS 0x00000000f6600000, 0x00000000f6600000| Complete 
| 359|0x00000000f6700000, 0x00000000f6800000, 0x00000000f6800000|100%| E|CS|TAMS 0x00000000f6700000, 0x00000000f6700000| Complete 
| 360|0x00000000f6800000, 0x00000000f6900000, 0x00000000f6900000|100%| E|CS|TAMS 0x00000000f6800000, 0x00000000f6800000| Complete 
| 361|0x00000000f6900000, 0x00000000f6a00000, 0x00000000f6a00000|100%| E|CS|TAMS 0x00000000f6900000, 0x00000000f6900000| Complete 
| 362|0x00000000f6a00000, 0x00000000f6b00000, 0x00000000f6b00000|100%| E|CS|TAMS 0x00000000f6a00000, 0x00000000f6a00000| Complete 
| 363|0x00000000f6b00000, 0x00000000f6c00000, 0x00000000f6c00000|100%| E|CS|TAMS 0x00000000f6b00000, 0x00000000f6b00000| Complete 
| 364|0x00000000f6c00000, 0x00000000f6d00000, 0x00000000f6d00000|100%| E|CS|TAMS 0x00000000f6c00000, 0x00000000f6c00000| Complete 
| 365|0x00000000f6d00000, 0x00000000f6e00000, 0x00000000f6e00000|100%| E|CS|TAMS 0x00000000f6d00000, 0x00000000f6d00000| Complete 
| 366|0x00000000f6e00000, 0x00000000f6f00000, 0x00000000f6f00000|100%| E|CS|TAMS 0x00000000f6e00000, 0x00000000f6e00000| Complete 
| 367|0x00000000f6f00000, 0x00000000f7000000, 0x00000000f7000000|100%| E|CS|TAMS 0x00000000f6f00000, 0x00000000f6f00000| Complete 
| 368|0x00000000f7000000, 0x00000000f7100000, 0x00000000f7100000|100%| E|CS|TAMS 0x00000000f7000000, 0x00000000f7000000| Complete 
| 369|0x00000000f7100000, 0x00000000f7200000, 0x00000000f7200000|100%| E|CS|TAMS 0x00000000f7100000, 0x00000000f7100000| Complete 
| 370|0x00000000f7200000, 0x00000000f7300000, 0x00000000f7300000|100%| E|CS|TAMS 0x00000000f7200000, 0x00000000f7200000| Complete 
| 371|0x00000000f7300000, 0x00000000f7400000, 0x00000000f7400000|100%| E|CS|TAMS 0x00000000f7300000, 0x00000000f7300000| Complete 
| 372|0x00000000f7400000, 0x00000000f7500000, 0x00000000f7500000|100%| E|CS|TAMS 0x00000000f7400000, 0x00000000f7400000| Complete 
| 373|0x00000000f7500000, 0x00000000f7600000, 0x00000000f7600000|100%| E|CS|TAMS 0x00000000f7500000, 0x00000000f7500000| Complete 
| 374|0x00000000f7600000, 0x00000000f7700000, 0x00000000f7700000|100%| E|CS|TAMS 0x00000000f7600000, 0x00000000f7600000| Complete 
| 375|0x00000000f7700000, 0x00000000f7800000, 0x00000000f7800000|100%| E|CS|TAMS 0x00000000f7700000, 0x00000000f7700000| Complete 
| 376|0x00000000f7800000, 0x00000000f7900000, 0x00000000f7900000|100%| E|CS|TAMS 0x00000000f7800000, 0x00000000f7800000| Complete 
| 377|0x00000000f7900000, 0x00000000f7a00000, 0x00000000f7a00000|100%| E|CS|TAMS 0x00000000f7900000, 0x00000000f7900000| Complete 
| 378|0x00000000f7a00000, 0x00000000f7b00000, 0x00000000f7b00000|100%| E|CS|TAMS 0x00000000f7a00000, 0x00000000f7a00000| Complete 
| 379|0x00000000f7b00000, 0x00000000f7c00000, 0x00000000f7c00000|100%| E|CS|TAMS 0x00000000f7b00000, 0x00000000f7b00000| Complete 
| 380|0x00000000f7c00000, 0x00000000f7d00000, 0x00000000f7d00000|100%| E|CS|TAMS 0x00000000f7c00000, 0x00000000f7c00000| Complete 
| 381|0x00000000f7d00000, 0x00000000f7e00000, 0x00000000f7e00000|100%| E|CS|TAMS 0x00000000f7d00000, 0x00000000f7d00000| Complete 
| 382|0x00000000f7e00000, 0x00000000f7f00000, 0x00000000f7f00000|100%| E|CS|TAMS 0x00000000f7e00000, 0x00000000f7e00000| Complete 
| 383|0x00000000f7f00000, 0x00000000f8000000, 0x00000000f8000000|100%| E|CS|TAMS 0x00000000f7f00000, 0x00000000f7f00000| Complete 
| 384|0x00000000f8000000, 0x00000000f8100000, 0x00000000f8100000|100%| E|CS|TAMS 0x00000000f8000000, 0x00000000f8000000| Complete 
| 385|0x00000000f8100000, 0x00000000f8200000, 0x00000000f8200000|100%| E|CS|TAMS 0x00000000f8100000, 0x00000000f8100000| Complete 
| 386|0x00000000f8200000, 0x00000000f8300000, 0x00000000f8300000|100%| E|CS|TAMS 0x00000000f8200000, 0x00000000f8200000| Complete 
| 387|0x00000000f8300000, 0x00000000f8400000, 0x00000000f8400000|100%| E|CS|TAMS 0x00000000f8300000, 0x00000000f8300000| Complete 
| 388|0x00000000f8400000, 0x00000000f8500000, 0x00000000f8500000|100%| E|CS|TAMS 0x00000000f8400000, 0x00000000f8400000| Complete 
| 389|0x00000000f8500000, 0x00000000f8600000, 0x00000000f8600000|100%| E|CS|TAMS 0x00000000f8500000, 0x00000000f8500000| Complete 
| 390|0x00000000f8600000, 0x00000000f8700000, 0x00000000f8700000|100%| E|CS|TAMS 0x00000000f8600000, 0x00000000f8600000| Complete 
| 391|0x00000000f8700000, 0x00000000f8800000, 0x00000000f8800000|100%| E|CS|TAMS 0x00000000f8700000, 0x00000000f8700000| Complete 
| 392|0x00000000f8800000, 0x00000000f8900000, 0x00000000f8900000|100%| E|CS|TAMS 0x00000000f8800000, 0x00000000f8800000| Complete 
| 393|0x00000000f8900000, 0x00000000f8a00000, 0x00000000f8a00000|100%| E|CS|TAMS 0x00000000f8900000, 0x00000000f8900000| Complete 
| 394|0x00000000f8a00000, 0x00000000f8b00000, 0x00000000f8b00000|100%| E|CS|TAMS 0x00000000f8a00000, 0x00000000f8a00000| Complete 
| 395|0x00000000f8b00000, 0x00000000f8c00000, 0x00000000f8c00000|100%| E|CS|TAMS 0x00000000f8b00000, 0x00000000f8b00000| Complete 
| 396|0x00000000f8c00000, 0x00000000f8d00000, 0x00000000f8d00000|100%| E|CS|TAMS 0x00000000f8c00000, 0x00000000f8c00000| Complete 
| 397|0x00000000f8d00000, 0x00000000f8e00000, 0x00000000f8e00000|100%| E|CS|TAMS 0x00000000f8d00000, 0x00000000f8d00000| Complete 
| 398|0x00000000f8e00000, 0x00000000f8f00000, 0x00000000f8f00000|100%| E|CS|TAMS 0x00000000f8e00000, 0x00000000f8e00000| Complete 
| 399|0x00000000f8f00000, 0x00000000f9000000, 0x00000000f9000000|100%| E|CS|TAMS 0x00000000f8f00000, 0x00000000f8f00000| Complete 
| 400|0x00000000f9000000, 0x00000000f9100000, 0x00000000f9100000|100%| E|CS|TAMS 0x00000000f9000000, 0x00000000f9000000| Complete 
| 401|0x00000000f9100000, 0x00000000f9200000, 0x00000000f9200000|100%| E|CS|TAMS 0x00000000f9100000, 0x00000000f9100000| Complete 
| 402|0x00000000f9200000, 0x00000000f9300000, 0x00000000f9300000|100%| E|CS|TAMS 0x00000000f9200000, 0x00000000f9200000| Complete 
| 403|0x00000000f9300000, 0x00000000f9400000, 0x00000000f9400000|100%| E|CS|TAMS 0x00000000f9300000, 0x00000000f9300000| Complete 
| 404|0x00000000f9400000, 0x00000000f9500000, 0x00000000f9500000|100%| E|CS|TAMS 0x00000000f9400000, 0x00000000f9400000| Complete 
| 405|0x00000000f9500000, 0x00000000f9600000, 0x00000000f9600000|100%| E|CS|TAMS 0x00000000f9500000, 0x00000000f9500000| Complete 
| 406|0x00000000f9600000, 0x00000000f9700000, 0x00000000f9700000|100%| E|CS|TAMS 0x00000000f9600000, 0x00000000f9600000| Complete 
| 407|0x00000000f9700000, 0x00000000f9800000, 0x00000000f9800000|100%| E|CS|TAMS 0x00000000f9700000, 0x00000000f9700000| Complete 
| 408|0x00000000f9800000, 0x00000000f9900000, 0x00000000f9900000|100%| E|CS|TAMS 0x00000000f9800000, 0x00000000f9800000| Complete 
| 409|0x00000000f9900000, 0x00000000f9a00000, 0x00000000f9a00000|100%| E|CS|TAMS 0x00000000f9900000, 0x00000000f9900000| Complete 
| 410|0x00000000f9a00000, 0x00000000f9b00000, 0x00000000f9b00000|100%| E|CS|TAMS 0x00000000f9a00000, 0x00000000f9a00000| Complete 
| 411|0x00000000f9b00000, 0x00000000f9c00000, 0x00000000f9c00000|100%| E|CS|TAMS 0x00000000f9b00000, 0x00000000f9b00000| Complete 
| 412|0x00000000f9c00000, 0x00000000f9d00000, 0x00000000f9d00000|100%| E|CS|TAMS 0x00000000f9c00000, 0x00000000f9c00000| Complete 
| 413|0x00000000f9d00000, 0x00000000f9e00000, 0x00000000f9e00000|100%| E|CS|TAMS 0x00000000f9d00000, 0x00000000f9d00000| Complete 
| 414|0x00000000f9e00000, 0x00000000f9f00000, 0x00000000f9f00000|100%| E|CS|TAMS 0x00000000f9e00000, 0x00000000f9e00000| Complete 
| 415|0x00000000f9f00000, 0x00000000fa000000, 0x00000000fa000000|100%| E|CS|TAMS 0x00000000f9f00000, 0x00000000f9f00000| Complete 
| 416|0x00000000fa000000, 0x00000000fa100000, 0x00000000fa100000|100%| E|CS|TAMS 0x00000000fa000000, 0x00000000fa000000| Complete 
| 417|0x00000000fa100000, 0x00000000fa200000, 0x00000000fa200000|100%| E|CS|TAMS 0x00000000fa100000, 0x00000000fa100000| Complete 
| 418|0x00000000fa200000, 0x00000000fa300000, 0x00000000fa300000|100%| E|CS|TAMS 0x00000000fa200000, 0x00000000fa200000| Complete 
| 419|0x00000000fa300000, 0x00000000fa400000, 0x00000000fa400000|100%| E|CS|TAMS 0x00000000fa300000, 0x00000000fa300000| Complete 
| 420|0x00000000fa400000, 0x00000000fa500000, 0x00000000fa500000|100%| E|CS|TAMS 0x00000000fa400000, 0x00000000fa400000| Complete 
| 421|0x00000000fa500000, 0x00000000fa600000, 0x00000000fa600000|100%| E|CS|TAMS 0x00000000fa500000, 0x00000000fa500000| Complete 
| 422|0x00000000fa600000, 0x00000000fa700000, 0x00000000fa700000|100%| E|CS|TAMS 0x00000000fa600000, 0x00000000fa600000| Complete 
| 423|0x00000000fa700000, 0x00000000fa800000, 0x00000000fa800000|100%| E|CS|TAMS 0x00000000fa700000, 0x00000000fa700000| Complete 
| 424|0x00000000fa800000, 0x00000000fa900000, 0x00000000fa900000|100%| E|CS|TAMS 0x00000000fa800000, 0x00000000fa800000| Complete 
| 425|0x00000000fa900000, 0x00000000faa00000, 0x00000000faa00000|100%| E|CS|TAMS 0x00000000fa900000, 0x00000000fa900000| Complete 
| 426|0x00000000faa00000, 0x00000000fab00000, 0x00000000fab00000|100%| E|CS|TAMS 0x00000000faa00000, 0x00000000faa00000| Complete 
| 427|0x00000000fab00000, 0x00000000fac00000, 0x00000000fac00000|100%| E|CS|TAMS 0x00000000fab00000, 0x00000000fab00000| Complete 
| 428|0x00000000fac00000, 0x00000000fad00000, 0x00000000fad00000|100%| E|CS|TAMS 0x00000000fac00000, 0x00000000fac00000| Complete 
| 429|0x00000000fad00000, 0x00000000fae00000, 0x00000000fae00000|100%| E|CS|TAMS 0x00000000fad00000, 0x00000000fad00000| Complete 
| 430|0x00000000fae00000, 0x00000000faf00000, 0x00000000faf00000|100%| E|CS|TAMS 0x00000000fae00000, 0x00000000fae00000| Complete 
| 431|0x00000000faf00000, 0x00000000fb000000, 0x00000000fb000000|100%| E|CS|TAMS 0x00000000faf00000, 0x00000000faf00000| Complete 
| 432|0x00000000fb000000, 0x00000000fb100000, 0x00000000fb100000|100%| E|CS|TAMS 0x00000000fb000000, 0x00000000fb000000| Complete 
| 433|0x00000000fb100000, 0x00000000fb200000, 0x00000000fb200000|100%| E|CS|TAMS 0x00000000fb100000, 0x00000000fb100000| Complete 
| 434|0x00000000fb200000, 0x00000000fb300000, 0x00000000fb300000|100%| E|CS|TAMS 0x00000000fb200000, 0x00000000fb200000| Complete 
| 435|0x00000000fb300000, 0x00000000fb400000, 0x00000000fb400000|100%| E|CS|TAMS 0x00000000fb300000, 0x00000000fb300000| Complete 
| 436|0x00000000fb400000, 0x00000000fb500000, 0x00000000fb500000|100%| E|CS|TAMS 0x00000000fb400000, 0x00000000fb400000| Complete 
| 437|0x00000000fb500000, 0x00000000fb600000, 0x00000000fb600000|100%| E|CS|TAMS 0x00000000fb500000, 0x00000000fb500000| Complete 
| 438|0x00000000fb600000, 0x00000000fb700000, 0x00000000fb700000|100%| E|CS|TAMS 0x00000000fb600000, 0x00000000fb600000| Complete 
| 439|0x00000000fb700000, 0x00000000fb800000, 0x00000000fb800000|100%| E|CS|TAMS 0x00000000fb700000, 0x00000000fb700000| Complete 
| 440|0x00000000fb800000, 0x00000000fb900000, 0x00000000fb900000|100%| E|CS|TAMS 0x00000000fb800000, 0x00000000fb800000| Complete 
| 441|0x00000000fb900000, 0x00000000fba00000, 0x00000000fba00000|100%| E|CS|TAMS 0x00000000fb900000, 0x00000000fb900000| Complete 
| 442|0x00000000fba00000, 0x00000000fbb00000, 0x00000000fbb00000|100%| E|CS|TAMS 0x00000000fba00000, 0x00000000fba00000| Complete 
| 443|0x00000000fbb00000, 0x00000000fbc00000, 0x00000000fbc00000|100%| E|CS|TAMS 0x00000000fbb00000, 0x00000000fbb00000| Complete 
| 444|0x00000000fbc00000, 0x00000000fbd00000, 0x00000000fbd00000|100%| E|CS|TAMS 0x00000000fbc00000, 0x00000000fbc00000| Complete 
| 445|0x00000000fbd00000, 0x00000000fbe00000, 0x00000000fbe00000|100%| E|CS|TAMS 0x00000000fbd00000, 0x00000000fbd00000| Complete 
| 446|0x00000000fbe00000, 0x00000000fbf00000, 0x00000000fbf00000|100%| E|CS|TAMS 0x00000000fbe00000, 0x00000000fbe00000| Complete 
| 447|0x00000000fbf00000, 0x00000000fc000000, 0x00000000fc000000|100%| E|CS|TAMS 0x00000000fbf00000, 0x00000000fbf00000| Complete 
| 448|0x00000000fc000000, 0x00000000fc100000, 0x00000000fc100000|100%| E|CS|TAMS 0x00000000fc000000, 0x00000000fc000000| Complete 
| 449|0x00000000fc100000, 0x00000000fc200000, 0x00000000fc200000|100%| E|CS|TAMS 0x00000000fc100000, 0x00000000fc100000| Complete 
| 450|0x00000000fc200000, 0x00000000fc300000, 0x00000000fc300000|100%| E|CS|TAMS 0x00000000fc200000, 0x00000000fc200000| Complete 
| 451|0x00000000fc300000, 0x00000000fc400000, 0x00000000fc400000|100%| E|CS|TAMS 0x00000000fc300000, 0x00000000fc300000| Complete 
| 452|0x00000000fc400000, 0x00000000fc500000, 0x00000000fc500000|100%| E|CS|TAMS 0x00000000fc400000, 0x00000000fc400000| Complete 
| 453|0x00000000fc500000, 0x00000000fc600000, 0x00000000fc600000|100%| E|CS|TAMS 0x00000000fc500000, 0x00000000fc500000| Complete 
| 454|0x00000000fc600000, 0x00000000fc700000, 0x00000000fc700000|100%| E|CS|TAMS 0x00000000fc600000, 0x00000000fc600000| Complete 
| 455|0x00000000fc700000, 0x00000000fc800000, 0x00000000fc800000|100%| E|CS|TAMS 0x00000000fc700000, 0x00000000fc700000| Complete 
| 456|0x00000000fc800000, 0x00000000fc900000, 0x00000000fc900000|100%| E|CS|TAMS 0x00000000fc800000, 0x00000000fc800000| Complete 
| 457|0x00000000fc900000, 0x00000000fca00000, 0x00000000fca00000|100%| E|CS|TAMS 0x00000000fc900000, 0x00000000fc900000| Complete 
| 458|0x00000000fca00000, 0x00000000fcb00000, 0x00000000fcb00000|100%| E|CS|TAMS 0x00000000fca00000, 0x00000000fca00000| Complete 
| 459|0x00000000fcb00000, 0x00000000fcc00000, 0x00000000fcc00000|100%| E|CS|TAMS 0x00000000fcb00000, 0x00000000fcb00000| Complete 
| 460|0x00000000fcc00000, 0x00000000fcd00000, 0x00000000fcd00000|100%| E|CS|TAMS 0x00000000fcc00000, 0x00000000fcc00000| Complete 
| 461|0x00000000fcd00000, 0x00000000fce00000, 0x00000000fce00000|100%| E|CS|TAMS 0x00000000fcd00000, 0x00000000fcd00000| Complete 
| 462|0x00000000fce00000, 0x00000000fcf00000, 0x00000000fcf00000|100%| E|CS|TAMS 0x00000000fce00000, 0x00000000fce00000| Complete 
| 463|0x00000000fcf00000, 0x00000000fd000000, 0x00000000fd000000|100%| E|CS|TAMS 0x00000000fcf00000, 0x00000000fcf00000| Complete 
| 464|0x00000000fd000000, 0x00000000fd100000, 0x00000000fd100000|100%| E|CS|TAMS 0x00000000fd000000, 0x00000000fd000000| Complete 
| 465|0x00000000fd100000, 0x00000000fd200000, 0x00000000fd200000|100%| E|CS|TAMS 0x00000000fd100000, 0x00000000fd100000| Complete 
| 466|0x00000000fd200000, 0x00000000fd300000, 0x00000000fd300000|100%| E|CS|TAMS 0x00000000fd200000, 0x00000000fd200000| Complete 
| 467|0x00000000fd300000, 0x00000000fd400000, 0x00000000fd400000|100%| E|CS|TAMS 0x00000000fd300000, 0x00000000fd300000| Complete 
| 468|0x00000000fd400000, 0x00000000fd500000, 0x00000000fd500000|100%| E|CS|TAMS 0x00000000fd400000, 0x00000000fd400000| Complete 
| 469|0x00000000fd500000, 0x00000000fd600000, 0x00000000fd600000|100%| E|CS|TAMS 0x00000000fd500000, 0x00000000fd500000| Complete 
| 470|0x00000000fd600000, 0x00000000fd700000, 0x00000000fd700000|100%| E|CS|TAMS 0x00000000fd600000, 0x00000000fd600000| Complete 
| 471|0x00000000fd700000, 0x00000000fd800000, 0x00000000fd800000|100%| E|CS|TAMS 0x00000000fd700000, 0x00000000fd700000| Complete 
| 472|0x00000000fd800000, 0x00000000fd900000, 0x00000000fd900000|100%| E|CS|TAMS 0x00000000fd800000, 0x00000000fd800000| Complete 
| 473|0x00000000fd900000, 0x00000000fda00000, 0x00000000fda00000|100%| E|CS|TAMS 0x00000000fd900000, 0x00000000fd900000| Complete 
| 474|0x00000000fda00000, 0x00000000fdb00000, 0x00000000fdb00000|100%| E|CS|TAMS 0x00000000fda00000, 0x00000000fda00000| Complete 
| 475|0x00000000fdb00000, 0x00000000fdc00000, 0x00000000fdc00000|100%| E|CS|TAMS 0x00000000fdb00000, 0x00000000fdb00000| Complete 
| 476|0x00000000fdc00000, 0x00000000fdd00000, 0x00000000fdd00000|100%| E|CS|TAMS 0x00000000fdc00000, 0x00000000fdc00000| Complete 
| 477|0x00000000fdd00000, 0x00000000fde00000, 0x00000000fde00000|100%| E|CS|TAMS 0x00000000fdd00000, 0x00000000fdd00000| Complete 
| 478|0x00000000fde00000, 0x00000000fdf00000, 0x00000000fdf00000|100%| E|CS|TAMS 0x00000000fde00000, 0x00000000fde00000| Complete 
| 479|0x00000000fdf00000, 0x00000000fe000000, 0x00000000fe000000|100%| E|CS|TAMS 0x00000000fdf00000, 0x00000000fdf00000| Complete 
| 480|0x00000000fe000000, 0x00000000fe100000, 0x00000000fe100000|100%| E|CS|TAMS 0x00000000fe000000, 0x00000000fe000000| Complete 
| 481|0x00000000fe100000, 0x00000000fe200000, 0x00000000fe200000|100%| E|CS|TAMS 0x00000000fe100000, 0x00000000fe100000| Complete 
| 482|0x00000000fe200000, 0x00000000fe300000, 0x00000000fe300000|100%| E|CS|TAMS 0x00000000fe200000, 0x00000000fe200000| Complete 
| 483|0x00000000fe300000, 0x00000000fe400000, 0x00000000fe400000|100%| E|CS|TAMS 0x00000000fe300000, 0x00000000fe300000| Complete 

Card table byte_map: [0x00000240fb350000,0x00000240fb450000] _byte_map_base: 0x00000240fac50000

Marking Bits (Prev, Next): (CMBitMap*) 0x00000240fb2ca330, (CMBitMap*) 0x00000240fb2ca2f0
 Prev Bits: [0x00000240fbd50000, 0x00000240fc550000)
 Next Bits: [0x00000240fb550000, 0x00000240fbd50000)

Polling page: 0x00000240f9140000

Metaspace:

Usage:
  Non-class:    130.23 MB used.
      Class:     18.73 MB used.
       Both:    148.96 MB used.

Virtual space:
  Non-class space:      192.00 MB reserved,     130.75 MB ( 68%) committed,  3 nodes.
      Class space:      320.00 MB reserved,      19.19 MB (  6%) committed,  1 nodes.
             Both:      512.00 MB reserved,     149.94 MB ( 29%) committed. 

Chunk freelists:
   Non-Class:  12.53 MB
       Class:  12.79 MB
        Both:  25.33 MB

MaxMetaspaceSize: 384.00 MB
CompressedClassSpaceSize: 320.00 MB
Initial GC threshold: 21.00 MB
Current GC threshold: 244.81 MB
CDS: on
MetaspaceReclaimPolicy: balanced
 - commit_granule_bytes: 65536.
 - commit_granule_words: 8192.
 - virtual_space_node_default_size: 8388608.
 - enlarge_chunks_in_place: 1.
 - new_chunks_are_fully_committed: 0.
 - uncommit_free_chunks: 1.
 - use_allocation_guard: 0.
 - handle_deallocations: 1.


Internal statistics:

num_allocs_failed_limit: 18.
num_arena_births: 1270.
num_arena_deaths: 12.
num_vsnodes_births: 4.
num_vsnodes_deaths: 0.
num_space_committed: 2397.
num_space_uncommitted: 0.
num_chunks_returned_to_freelist: 42.
num_chunks_taken_from_freelist: 7138.
num_chunk_merges: 19.
num_chunk_splits: 5303.
num_chunks_enlarged: 4162.
num_inconsistent_stats: 0.

CodeHeap 'non-profiled nmethods': size=120000Kb used=13871Kb max_used=13871Kb free=106128Kb
 bounds [0x000002408f590000, 0x0000024090320000, 0x0000024096ac0000]
CodeHeap 'profiled nmethods': size=120000Kb used=43767Kb max_used=43767Kb free=76232Kb
 bounds [0x0000024087ac0000, 0x000002408a580000, 0x000002408eff0000]
CodeHeap 'non-nmethods': size=5760Kb used=2609Kb max_used=2668Kb free=3150Kb
 bounds [0x000002408eff0000, 0x000002408f2a0000, 0x000002408f590000]
 total_blobs=20558 nmethods=19396 adapters=1071
 compilation: enabled
              stopped_count=0, restarted_count=0
 full_count=0

Compilation events (20 events):
Event: 117.589 Thread 0x00000240feb46390 nmethod 24442 0x000002408a4fa690 code [0x000002408a4fa8c0, 0x000002408a4faf28]
Event: 117.589 Thread 0x00000240feb46390 24444       3       org.jetbrains.kotlin.ir.visitors.IrElementTransformerVoid::visitInstanceInitializerCall (16 bytes)
Event: 117.590 Thread 0x00000240feb46390 nmethod 24444 0x000002408a4fb190 code [0x000002408a4fb3c0, 0x000002408a4fba28]
Event: 117.590 Thread 0x00000240feb46390 24445       3       org.jetbrains.kotlin.ir.declarations.impl.IrConstructorImpl::setTypeParameters (12 bytes)
Event: 117.590 Thread 0x00000240feb46390 nmethod 24445 0x000002408a4fbc90 code [0x000002408a4fbea0, 0x000002408a4fc498]
Event: 117.590 Thread 0x00000240feb46390 24449       1       org.jetbrains.kotlin.backend.jvm.lower.JvmBuiltInsLowering::access$getJvm8builtInReplacements$p (5 bytes)
Event: 117.590 Thread 0x00000240feb46390 nmethod 24449 0x000002409011d210 code [0x000002409011d3a0, 0x000002409011d458]
Event: 117.590 Thread 0x00000240feb46390 24448       3       org.jetbrains.kotlin.ir.declarations.IrTypeParameter::transform (10 bytes)
Event: 117.591 Thread 0x00000240feb46390 nmethod 24448 0x000002408a4fc710 code [0x000002408a4fca40, 0x000002408a4fdd98]
Event: 117.591 Thread 0x00000240feb46390 24440       3       org.jetbrains.kotlin.ir.visitors.IrElementTransformerVoid::visitInstanceInitializerCall (13 bytes)
Event: 117.592 Thread 0x00000240feb46390 nmethod 24440 0x000002408a4fe390 code [0x000002408a4fe5c0, 0x000002408a4fec28]
Event: 117.592 Thread 0x00000240feb46390 24450       3       org.jetbrains.kotlin.ir.util.SymbolTableExtension::getLock (8 bytes)
Event: 117.592 Thread 0x00000240feb46390 nmethod 24450 0x000002408a4fee90 code [0x000002408a4ff020, 0x000002408a4ff158]
Event: 117.592 Thread 0x00000240feb46390 24452       1       org.jetbrains.kotlin.ir.expressions.impl.IrCallImpl::getOrigin (5 bytes)
Event: 117.592 Thread 0x00000240feb46390 nmethod 24452 0x000002409011cf10 code [0x000002409011d0a0, 0x000002409011d178]
Event: 117.592 Thread 0x00000240feb46390 24441       3       org.jetbrains.kotlin.ir.visitors.IrElementTransformerVoid::visitConstructorCall (10 bytes)
Event: 117.593 Thread 0x00000240feb46390 nmethod 24441 0x000002408a4ff210 code [0x000002408a4ff440, 0x000002408a4ffc28]
Event: 117.593 Thread 0x00000240feb46390 24451       3       org.jetbrains.kotlin.ir.util.TypeTranslator::buildWithScope (33 bytes)
Event: 117.676 Thread 0x00000240feb46390 nmethod 24451 0x000002408a4fff10 code [0x000002408a5001c0, 0x000002408a500d68]
Event: 117.676 Thread 0x00000240feb46390 24454       3       org.jetbrains.kotlin.ir.symbols.FqNameEqualityChecker::getHashCode (28 bytes)

GC Heap History (20 events):
Event: 107.483 GC heap before
{Heap before GC invocations=127 (full 0):
 garbage-first heap   total 437248K, used 366201K [0x00000000e0000000, 0x0000000100000000)
  region size 1024K, 194 young (198656K), 3 survivors (3072K)
 Metaspace       used 149405K, committed 150336K, reserved 524288K
  class space    used 19040K, committed 19456K, reserved 327680K
}
Event: 107.498 GC heap after
{Heap after GC invocations=128 (full 0):
 garbage-first heap   total 437248K, used 175849K [0x00000000e0000000, 0x0000000100000000)
  region size 1024K, 8 young (8192K), 8 survivors (8192K)
 Metaspace       used 149405K, committed 150336K, reserved 524288K
  class space    used 19040K, committed 19456K, reserved 327680K
}
Event: 107.565 GC heap before
{Heap before GC invocations=128 (full 0):
 garbage-first heap   total 437248K, used 189161K [0x00000000e0000000, 0x0000000100000000)
  region size 1024K, 21 young (21504K), 8 survivors (8192K)
 Metaspace       used 149405K, committed 150336K, reserved 524288K
  class space    used 19040K, committed 19456K, reserved 327680K
}
Event: 107.581 GC heap after
{Heap after GC invocations=129 (full 0):
 garbage-first heap   total 437248K, used 171196K [0x00000000e0000000, 0x0000000100000000)
  region size 1024K, 1 young (1024K), 1 survivors (1024K)
 Metaspace       used 149405K, committed 150336K, reserved 524288K
  class space    used 19040K, committed 19456K, reserved 327680K
}
Event: 108.400 GC heap before
{Heap before GC invocations=129 (full 0):
 garbage-first heap   total 437248K, used 363708K [0x00000000e0000000, 0x0000000100000000)
  region size 1024K, 189 young (193536K), 1 survivors (1024K)
 Metaspace       used 149480K, committed 150400K, reserved 524288K
  class space    used 19040K, committed 19456K, reserved 327680K
}
Event: 108.405 GC heap after
{Heap after GC invocations=130 (full 0):
 garbage-first heap   total 437248K, used 171788K [0x00000000e0000000, 0x0000000100000000)
  region size 1024K, 2 young (2048K), 2 survivors (2048K)
 Metaspace       used 149480K, committed 150400K, reserved 524288K
  class space    used 19040K, committed 19456K, reserved 327680K
}
Event: 109.368 GC heap before
{Heap before GC invocations=130 (full 0):
 garbage-first heap   total 437248K, used 367372K [0x00000000e0000000, 0x0000000100000000)
  region size 1024K, 193 young (197632K), 2 survivors (2048K)
 Metaspace       used 149504K, committed 150400K, reserved 524288K
  class space    used 19041K, committed 19456K, reserved 327680K
}
Event: 109.370 GC heap after
{Heap after GC invocations=131 (full 0):
 garbage-first heap   total 437248K, used 171350K [0x00000000e0000000, 0x0000000100000000)
  region size 1024K, 1 young (1024K), 1 survivors (1024K)
 Metaspace       used 149504K, committed 150400K, reserved 524288K
  class space    used 19041K, committed 19456K, reserved 327680K
}
Event: 109.999 GC heap before
{Heap before GC invocations=131 (full 0):
 garbage-first heap   total 437248K, used 372054K [0x00000000e0000000, 0x0000000100000000)
  region size 1024K, 197 young (201728K), 1 survivors (1024K)
 Metaspace       used 149504K, committed 150400K, reserved 524288K
  class space    used 19041K, committed 19456K, reserved 327680K
}
Event: 110.003 GC heap after
{Heap after GC invocations=132 (full 0):
 garbage-first heap   total 437248K, used 171930K [0x00000000e0000000, 0x0000000100000000)
  region size 1024K, 2 young (2048K), 2 survivors (2048K)
 Metaspace       used 149504K, committed 150400K, reserved 524288K
  class space    used 19041K, committed 19456K, reserved 327680K
}
Event: 110.623 GC heap before
{Heap before GC invocations=133 (full 0):
 garbage-first heap   total 495616K, used 375706K [0x00000000e0000000, 0x0000000100000000)
  region size 1024K, 201 young (205824K), 2 survivors (2048K)
 Metaspace       used 149508K, committed 150400K, reserved 524288K
  class space    used 19041K, committed 19456K, reserved 327680K
}
Event: 110.626 GC heap after
{Heap after GC invocations=134 (full 0):
 garbage-first heap   total 495616K, used 171972K [0x00000000e0000000, 0x0000000100000000)
  region size 1024K, 2 young (2048K), 2 survivors (2048K)
 Metaspace       used 149508K, committed 150400K, reserved 524288K
  class space    used 19041K, committed 19456K, reserved 327680K
}
Event: 110.673 GC heap before
{Heap before GC invocations=134 (full 0):
 garbage-first heap   total 495616K, used 194500K [0x00000000e0000000, 0x0000000100000000)
  region size 1024K, 24 young (24576K), 2 survivors (2048K)
 Metaspace       used 149508K, committed 150400K, reserved 524288K
  class space    used 19041K, committed 19456K, reserved 327680K
}
Event: 110.680 GC heap after
{Heap after GC invocations=135 (full 0):
 garbage-first heap   total 495616K, used 169922K [0x00000000e0000000, 0x0000000100000000)
  region size 1024K, 2 young (2048K), 2 survivors (2048K)
 Metaspace       used 149508K, committed 150400K, reserved 524288K
  class space    used 19041K, committed 19456K, reserved 327680K
}
Event: 111.264 GC heap before
{Heap before GC invocations=135 (full 0):
 garbage-first heap   total 495616K, used 425922K [0x00000000e0000000, 0x0000000100000000)
  region size 1024K, 252 young (258048K), 2 survivors (2048K)
 Metaspace       used 149508K, committed 150400K, reserved 524288K
  class space    used 19041K, committed 19456K, reserved 327680K
}
Event: 111.268 GC heap after
{Heap after GC invocations=136 (full 0):
 garbage-first heap   total 495616K, used 170770K [0x00000000e0000000, 0x0000000100000000)
  region size 1024K, 3 young (3072K), 3 survivors (3072K)
 Metaspace       used 149508K, committed 150400K, reserved 524288K
  class space    used 19041K, committed 19456K, reserved 327680K
}
Event: 112.105 GC heap before
{Heap before GC invocations=136 (full 0):
 garbage-first heap   total 495616K, used 430866K [0x00000000e0000000, 0x0000000100000000)
  region size 1024K, 257 young (263168K), 3 survivors (3072K)
 Metaspace       used 149508K, committed 150400K, reserved 524288K
  class space    used 19041K, committed 19456K, reserved 327680K
}
Event: 112.109 GC heap after
{Heap after GC invocations=137 (full 0):
 garbage-first heap   total 495616K, used 169815K [0x00000000e0000000, 0x0000000100000000)
  region size 1024K, 2 young (2048K), 2 survivors (2048K)
 Metaspace       used 149508K, committed 150400K, reserved 524288K
  class space    used 19041K, committed 19456K, reserved 327680K
}
Event: 113.285 GC heap before
{Heap before GC invocations=137 (full 0):
 garbage-first heap   total 495616K, used 432983K [0x00000000e0000000, 0x0000000100000000)
  region size 1024K, 259 young (265216K), 2 survivors (2048K)
 Metaspace       used 149508K, committed 150400K, reserved 524288K
  class space    used 19041K, committed 19456K, reserved 327680K
}
Event: 113.290 GC heap after
{Heap after GC invocations=138 (full 0):
 garbage-first heap   total 495616K, used 172687K [0x00000000e0000000, 0x0000000100000000)
  region size 1024K, 5 young (5120K), 5 survivors (5120K)
 Metaspace       used 149508K, committed 150400K, reserved 524288K
  class space    used 19041K, committed 19456K, reserved 327680K
}

Dll operation events (15 events):
Event: 0.029 Loaded shared library C:\Users\Administrator\.jdks\ms-17.0.17\bin\java.dll
Event: 0.074 Loaded shared library C:\Users\Administrator\.jdks\ms-17.0.17\bin\jsvml.dll
Event: 0.159 Loaded shared library C:\Users\Administrator\.jdks\ms-17.0.17\bin\zip.dll
Event: 0.169 Loaded shared library C:\Users\Administrator\.jdks\ms-17.0.17\bin\instrument.dll
Event: 0.179 Loaded shared library C:\Users\Administrator\.jdks\ms-17.0.17\bin\net.dll
Event: 0.183 Loaded shared library C:\Users\Administrator\.jdks\ms-17.0.17\bin\nio.dll
Event: 0.188 Loaded shared library C:\Users\Administrator\.jdks\ms-17.0.17\bin\zip.dll
Event: 0.747 Loaded shared library C:\Users\Administrator\.jdks\ms-17.0.17\bin\jimage.dll
Event: 1.111 Loaded shared library C:\Users\Administrator\.jdks\ms-17.0.17\bin\verify.dll
Event: 1.320 Loaded shared library C:\Users\Administrator\.gradle\native\1def1411415f61bf3af743bc5b6707747c0891f09f0c88961ee8f79bc544acac\windows-amd64\native-platform.dll
Event: 1.344 Loaded shared library C:\Users\Administrator\.gradle\native\0.2.7\x86_64-windows-gnu\gradle-fileevents.dll
Event: 3.636 Loaded shared library C:\Users\Administrator\.jdks\ms-17.0.17\bin\management.dll
Event: 3.645 Loaded shared library C:\Users\Administrator\.jdks\ms-17.0.17\bin\management_ext.dll
Event: 3.915 Loaded shared library C:\Users\Administrator\.jdks\ms-17.0.17\bin\extnet.dll
Event: 4.351 Loaded shared library C:\Users\Administrator\.jdks\ms-17.0.17\bin\sunmscapi.dll

Deoptimization events (20 events):
Event: 117.332 Thread 0x00000240b186a9e0 Uncommon trap: trap_request=0xffffffc6 fr.pc=0x000002408fa6616c relative=0x00000000000000ac
Event: 117.332 Thread 0x00000240b186a9e0 Uncommon trap: reason=bimorphic_or_optimized_type_check action=maybe_recompile pc=0x000002408fa6616c method=org.jetbrains.kotlin.types.DelegatingSimpleType.getConstructor()Lorg/jetbrains/kotlin/types/TypeConstructor; @ 4 c2
Event: 117.332 Thread 0x00000240b186a9e0 DEOPT PACKING pc=0x000002408fa6616c sp=0x00000070861f0d70
Event: 117.332 Thread 0x00000240b186a9e0 DEOPT UNPACKING pc=0x000002408f04a1a3 sp=0x00000070861f0cf8 mode 2
Event: 117.332 Thread 0x00000240b186a9e0 Uncommon trap: trap_request=0xffffffc6 fr.pc=0x000002408fa6616c relative=0x00000000000000ac
Event: 117.332 Thread 0x00000240b186a9e0 Uncommon trap: reason=bimorphic_or_optimized_type_check action=maybe_recompile pc=0x000002408fa6616c method=org.jetbrains.kotlin.types.DelegatingSimpleType.getConstructor()Lorg/jetbrains/kotlin/types/TypeConstructor; @ 4 c2
Event: 117.332 Thread 0x00000240b186a9e0 DEOPT PACKING pc=0x000002408fa6616c sp=0x00000070861f0d70
Event: 117.332 Thread 0x00000240b186a9e0 DEOPT UNPACKING pc=0x000002408f04a1a3 sp=0x00000070861f0cf8 mode 2
Event: 117.332 Thread 0x00000240b186a9e0 Uncommon trap: trap_request=0xffffffc6 fr.pc=0x00000240902ce74c relative=0x00000000000000ac
Event: 117.332 Thread 0x00000240b186a9e0 Uncommon trap: reason=bimorphic_or_optimized_type_check action=maybe_recompile pc=0x00000240902ce74c method=org.jetbrains.kotlin.types.DelegatingSimpleType.getArguments()Ljava/util/List; @ 4 c2
Event: 117.332 Thread 0x00000240b186a9e0 DEOPT PACKING pc=0x00000240902ce74c sp=0x00000070861f0d70
Event: 117.332 Thread 0x00000240b186a9e0 DEOPT UNPACKING pc=0x000002408f04a1a3 sp=0x00000070861f0cf8 mode 2
Event: 117.332 Thread 0x00000240b186a9e0 Uncommon trap: trap_request=0xffffffc6 fr.pc=0x00000240902ce74c relative=0x00000000000000ac
Event: 117.332 Thread 0x00000240b186a9e0 Uncommon trap: reason=bimorphic_or_optimized_type_check action=maybe_recompile pc=0x00000240902ce74c method=org.jetbrains.kotlin.types.DelegatingSimpleType.getArguments()Ljava/util/List; @ 4 c2
Event: 117.332 Thread 0x00000240b186a9e0 DEOPT PACKING pc=0x00000240902ce74c sp=0x00000070861f0f60
Event: 117.332 Thread 0x00000240b186a9e0 DEOPT UNPACKING pc=0x000002408f04a1a3 sp=0x00000070861f0ef0 mode 2
Event: 117.332 Thread 0x00000240b186a9e0 Uncommon trap: trap_request=0xffffffc6 fr.pc=0x00000240902ce74c relative=0x00000000000000ac
Event: 117.332 Thread 0x00000240b186a9e0 Uncommon trap: reason=bimorphic_or_optimized_type_check action=maybe_recompile pc=0x00000240902ce74c method=org.jetbrains.kotlin.types.DelegatingSimpleType.getArguments()Ljava/util/List; @ 4 c2
Event: 117.332 Thread 0x00000240b186a9e0 DEOPT PACKING pc=0x00000240902ce74c sp=0x00000070861f1280
Event: 117.332 Thread 0x00000240b186a9e0 DEOPT UNPACKING pc=0x000002408f04a1a3 sp=0x00000070861f1208 mode 2

Classes loaded (20 events):
Event: 100.840 Loading class jdk/management/jfr/FlightRecorderMXBeanImpl$MXBeanListener
Event: 100.840 Loading class jdk/jfr/FlightRecorderListener
Event: 100.841 Loading class jdk/jfr/FlightRecorderListener done
Event: 100.841 Loading class jdk/management/jfr/FlightRecorderMXBeanImpl$MXBeanListener done
Event: 100.841 Loading class javax/management/ListenerNotFoundException
Event: 100.841 Loading class javax/management/OperationsException
Event: 100.841 Loading class javax/management/JMException
Event: 100.842 Loading class javax/management/JMException done
Event: 100.842 Loading class javax/management/OperationsException done
Event: 100.842 Loading class javax/management/ListenerNotFoundException done
Event: 100.916 Loading class com/sun/jmx/mbeanserver/StandardMBeanSupport
Event: 100.916 Loading class com/sun/jmx/mbeanserver/StandardMBeanSupport done
Event: 100.916 Loading class com/sun/jmx/mbeanserver/StandardMBeanIntrospector
Event: 100.917 Loading class com/sun/jmx/mbeanserver/StandardMBeanIntrospector done
Event: 115.169 Loading class java/util/EnumMap$EntrySet
Event: 115.171 Loading class java/util/EnumMap$EntrySet done
Event: 115.171 Loading class java/util/EnumMap$EntryIterator
Event: 115.171 Loading class java/util/EnumMap$EntryIterator done
Event: 115.171 Loading class java/util/EnumMap$EntryIterator$Entry
Event: 115.172 Loading class java/util/EnumMap$EntryIterator$Entry done

Classes unloaded (20 events):
Event: 50.216 Thread 0x00000240feb1e330 Unloading class 0x000002409878a7d0 '_BuildScript_$_run_closure1$_closure3'
Event: 50.216 Thread 0x00000240feb1e330 Unloading class 0x000002409878a3e8 '_BuildScript_$_run_closure1$_closure2'
Event: 50.216 Thread 0x00000240feb1e330 Unloading class 0x000002409878a000 '_BuildScript_$_run_closure1'
Event: 50.216 Thread 0x00000240feb1e330 Unloading class 0x0000024098789870 '_BuildScript_'
Event: 50.216 Thread 0x00000240feb1e330 Unloading class 0x0000024098789488 'KotlinCoroutineJvmDebugArgumentsProvider$_asArguments_closure1'
Event: 50.216 Thread 0x00000240feb1e330 Unloading class 0x00000240987891f8 'KotlinCoroutineJvmDebugArgumentsProvider'
Event: 50.216 Thread 0x00000240feb1e330 Unloading class 0x0000024098789000 'Properties'
Event: 50.216 Thread 0x00000240feb1e330 Unloading class 0x0000024098781918 '_BuildScript_$_run_closure1$_closure2'
Event: 50.216 Thread 0x00000240feb1e330 Unloading class 0x0000024098781530 '_BuildScript_$_run_closure1'
Event: 50.216 Thread 0x00000240feb1e330 Unloading class 0x0000024098781000 '_BuildScript_'
Event: 50.216 Thread 0x00000240feb1e330 Unloading class 0x000002409877a3e8 '_BuildScript_$_run_closure1$_closure2$_closure4'
Event: 50.216 Thread 0x00000240feb1e330 Unloading class 0x000002409877a000 '_BuildScript_$_run_closure1$_closure2$_closure3'
Event: 50.216 Thread 0x00000240feb1e330 Unloading class 0x0000024098779918 '_BuildScript_$_run_closure1$_closure2'
Event: 50.216 Thread 0x00000240feb1e330 Unloading class 0x0000024098779530 '_BuildScript_$_run_closure1'
Event: 50.216 Thread 0x00000240feb1e330 Unloading class 0x0000024098779000 '_BuildScript_'
Event: 50.216 Thread 0x00000240feb1e330 Unloading class 0x00000240986ac3e8 '_BuildScript_$_run_closure1$_closure2'
Event: 50.216 Thread 0x00000240feb1e330 Unloading class 0x00000240986ac000 '_BuildScript_$_run_closure1'
Event: 50.216 Thread 0x00000240feb1e330 Unloading class 0x00000240986a6800 '_BuildScript_'
Event: 50.216 Thread 0x00000240feb1e330 Unloading class 0x0000024098614000 '_BuildScript_$_run_closure1'
Event: 50.216 Thread 0x00000240feb1e330 Unloading class 0x0000024098608800 '_BuildScript_'

Classes redefined (0 events):
No events

Internal exceptions (20 events):
Event: 101.040 Thread 0x00000240b186a9e0 Implicit null exception at 0x000002408fff5b91 to 0x000002408fff63b8
Event: 101.040 Thread 0x00000240b186a9e0 Implicit null exception at 0x000002408fff8616 to 0x000002408fff8e44
Event: 101.967 Thread 0x00000240b186a9e0 Exception <a 'java/lang/NoSuchMethodError'{0x00000000f5a6b568}: static Lorg/jetbrains/kotlin/gradle/plugin/internal/DefaultIdeaSyncDetector$createIdeaPropertiesEvaluator$1;.<clinit>()V> (0x00000000f5a6b568) 
thrown [s\src\hotspot\share\prims\jni.cpp, line 1112]
Event: 102.298 Thread 0x00000240b186a9e0 Exception <a 'java/lang/ClassNotFoundException'{0x00000000f532df78}: org/jetbrains/kotlin/gradle/targets/js/npm/DefaultNpmDependencyExtensionBeanInfo> (0x00000000f532df78) 
thrown [s\src\hotspot\share\classfile\systemDictionary.cpp, line 256]
Event: 102.299 Thread 0x00000240b186a9e0 Exception <a 'java/lang/ClassNotFoundException'{0x00000000f533f350}: org/jetbrains/kotlin/gradle/targets/js/npm/DefaultNpmDependencyExtensionCustomizer> (0x00000000f533f350) 
thrown [s\src\hotspot\share\classfile\systemDictionary.cpp, line 256]
Event: 102.312 Thread 0x00000240b186a9e0 Exception <a 'java/lang/ClassNotFoundException'{0x00000000f53e2f28}: org/jetbrains/kotlin/gradle/targets/js/npm/NpmDependencyExtensionKt$defaultNpmDependencyDelegate$1BeanInfo> (0x00000000f53e2f28) 
thrown [s\src\hotspot\share\classfile\systemDictionary.cpp, line 256]
Event: 102.312 Thread 0x00000240b186a9e0 Exception <a 'java/lang/ClassNotFoundException'{0x00000000f53f5880}: org/jetbrains/kotlin/gradle/targets/js/npm/NpmDependencyExtensionDelegateBeanInfo> (0x00000000f53f5880) 
thrown [s\src\hotspot\share\classfile\systemDictionary.cpp, line 256]
Event: 102.315 Thread 0x00000240b186a9e0 Exception <a 'java/lang/ClassNotFoundException'{0x00000000f5208418}: org/jetbrains/kotlin/gradle/targets/js/npm/NpmDependencyExtensionDelegateCustomizer> (0x00000000f5208418) 
thrown [s\src\hotspot\share\classfile\systemDictionary.cpp, line 256]
Event: 102.318 Thread 0x00000240b186a9e0 Exception <a 'java/lang/ClassNotFoundException'{0x00000000f5243cb8}: org/jetbrains/kotlin/gradle/targets/js/npm/NpmDependencyExtensionKt$defaultNpmDependencyDelegate$1Customizer> (0x00000000f5243cb8) 
thrown [s\src\hotspot\share\classfile\systemDictionary.cpp, line 256]
Event: 102.327 Thread 0x00000240b186a9e0 Exception <a 'java/lang/ClassNotFoundException'{0x00000000f528e270}: org/jetbrains/kotlin/gradle/targets/js/npm/DefaultDevNpmDependencyExtensionBeanInfo> (0x00000000f528e270) 
thrown [s\src\hotspot\share\classfile\systemDictionary.cpp, line 256]
Event: 102.327 Thread 0x00000240b186a9e0 Exception <a 'java/lang/ClassNotFoundException'{0x00000000f529f6a8}: org/jetbrains/kotlin/gradle/targets/js/npm/DefaultDevNpmDependencyExtensionCustomizer> (0x00000000f529f6a8) 
thrown [s\src\hotspot\share\classfile\systemDictionary.cpp, line 256]
Event: 102.339 Thread 0x00000240b186a9e0 Exception <a 'java/lang/ClassNotFoundException'{0x00000000f52f2450}: org/jetbrains/kotlin/gradle/targets/js/npm/DefaultPeerNpmDependencyExtensionBeanInfo> (0x00000000f52f2450) 
thrown [s\src\hotspot\share\classfile\systemDictionary.cpp, line 256]
Event: 102.340 Thread 0x00000240b186a9e0 Exception <a 'java/lang/ClassNotFoundException'{0x00000000f5103b40}: org/jetbrains/kotlin/gradle/targets/js/npm/DefaultPeerNpmDependencyExtensionCustomizer> (0x00000000f5103b40) 
thrown [s\src\hotspot\share\classfile\systemDictionary.cpp, line 256]
Event: 102.358 Thread 0x00000240b186a9e0 Exception <a 'java/lang/ClassNotFoundException'{0x00000000f515f808}: org/jetbrains/kotlin/gradle/targets/js/npm/DefaultPeerNpmDependencyExtension$delegate$1BeanInfo> (0x00000000f515f808) 
thrown [s\src\hotspot\share\classfile\systemDictionary.cpp, line 256]
Event: 102.358 Thread 0x00000240b186a9e0 Exception <a 'java/lang/ClassNotFoundException'{0x00000000f5171b18}: org/jetbrains/kotlin/gradle/targets/js/npm/DefaultPeerNpmDependencyExtension$delegate$1Customizer> (0x00000000f5171b18) 
thrown [s\src\hotspot\share\classfile\systemDictionary.cpp, line 256]
Event: 102.827 Thread 0x00000240b186a9e0 Exception <a 'java/lang/NoSuchMethodError'{0x00000000f41644d8}: 'int java.lang.invoke.DirectMethodHandle$Holder.invokeSpecialIFC(java.lang.Object, java.lang.Object, java.lang.Object, java.lang.Object, java.lang.Object)'> (0x00000000f41644d8) 
thrown [s\src\hotspot\share\interpreter\linkResolver.cpp, line 759]
Event: 113.546 Thread 0x00000240b186a9e0 Exception <a 'sun/nio/fs/WindowsException'{0x00000000fae27130}> (0x00000000fae27130) 
thrown [s\src\hotspot\share\prims\jni.cpp, line 516]
Event: 113.547 Thread 0x00000240b186a9e0 Exception <a 'sun/nio/fs/WindowsException'{0x00000000fae28ec8}> (0x00000000fae28ec8) 
thrown [s\src\hotspot\share\prims\jni.cpp, line 516]
Event: 115.952 Thread 0x00000240b186a9e0 Exception <a 'java/lang/NoSuchMethodError'{0x00000000f2545898}: 'java.lang.Object java.lang.invoke.DirectMethodHandle$Holder.newInvokeSpecial(java.lang.Object, int, java.lang.Object, java.lang.Object)'> (0x00000000f2545898) 
thrown [s\src\hotspot\share\interpreter\linkResolver.cpp, line 759]
Event: 115.952 Thread 0x00000240b186a9e0 Exception <a 'java/lang/NoSuchMethodError'{0x00000000f254b690}: 'java.lang.Object java.lang.invoke.DirectMethodHandle$Holder.invokeSpecial(java.lang.Object, java.lang.Object, int, java.lang.Object, java.lang.Object)'> (0x00000000f254b690) 
thrown [s\src\hotspot\share\interpreter\linkResolver.cpp, line 759]

VM Operations (20 events):
Event: 115.908 Executing VM operation: ICBufferFull
Event: 115.908 Executing VM operation: ICBufferFull done
Event: 115.988 Executing VM operation: HandshakeAllThreads
Event: 115.988 Executing VM operation: HandshakeAllThreads done
Event: 116.179 Executing VM operation: ICBufferFull
Event: 116.181 Executing VM operation: ICBufferFull done
Event: 116.480 Executing VM operation: ICBufferFull
Event: 116.480 Executing VM operation: ICBufferFull done
Event: 116.798 Executing VM operation: ICBufferFull
Event: 116.798 Executing VM operation: ICBufferFull done
Event: 117.072 Executing VM operation: HandshakeAllThreads
Event: 117.075 Executing VM operation: HandshakeAllThreads done
Event: 117.085 Executing VM operation: ICBufferFull
Event: 117.085 Executing VM operation: ICBufferFull done
Event: 117.177 Executing VM operation: ICBufferFull
Event: 117.177 Executing VM operation: ICBufferFull done
Event: 117.400 Executing VM operation: ICBufferFull
Event: 117.400 Executing VM operation: ICBufferFull done
Event: 117.557 Executing VM operation: HandshakeAllThreads
Event: 117.557 Executing VM operation: HandshakeAllThreads done

Memory protections (0 events):
No events

Nmethod flushes (20 events):
Event: 117.096 Thread 0x00000240feb46ca0 flushing  nmethod 0x0000024087dbe990
Event: 117.097 Thread 0x00000240feb46ca0 flushing  nmethod 0x0000024087eb5410
Event: 117.113 Thread 0x00000240feb46ca0 flushing  nmethod 0x00000240885ad810
Event: 117.114 Thread 0x00000240feb46ca0 flushing  nmethod 0x0000024088637790
Event: 117.114 Thread 0x00000240feb46ca0 flushing  nmethod 0x0000024088638310
Event: 117.115 Thread 0x00000240feb46ca0 flushing  nmethod 0x00000240886c2990
Event: 117.115 Thread 0x00000240feb46ca0 flushing  nmethod 0x0000024088749f10
Event: 117.116 Thread 0x00000240feb46ca0 flushing  nmethod 0x00000240887b5610
Event: 117.118 Thread 0x00000240feb46ca0 flushing  nmethod 0x00000240888e3810
Event: 117.121 Thread 0x00000240feb46ca0 flushing  nmethod 0x0000024088a9f890
Event: 117.128 Thread 0x00000240feb46ca0 flushing  nmethod 0x000002408925dc10
Event: 117.131 Thread 0x00000240feb46ca0 flushing  nmethod 0x00000240894c8610
Event: 117.131 Thread 0x00000240feb46ca0 flushing  nmethod 0x0000024089524390
Event: 117.144 Thread 0x00000240feb46ca0 flushing  nmethod 0x0000024089b39f90
Event: 117.144 Thread 0x00000240feb46ca0 flushing  nmethod 0x0000024089b3d510
Event: 117.146 Thread 0x00000240feb46ca0 flushing  nmethod 0x0000024089c97f10
Event: 117.147 Thread 0x00000240feb46ca0 flushing  nmethod 0x0000024089cd0490
Event: 117.147 Thread 0x00000240feb46ca0 flushing  nmethod 0x0000024089cd4b10
Event: 117.147 Thread 0x00000240feb46ca0 flushing  nmethod 0x0000024089ce9c10
Event: 117.148 Thread 0x00000240feb46ca0 flushing  nmethod 0x0000024089dfe190

Events (20 events):
Event: 82.400 Thread 0x00000240b186a9e0 Thread added: 0x00000240b851cef0
Event: 82.401 Thread 0x00000240b186a9e0 Thread added: 0x00000240b851c4d0
Event: 82.401 Thread 0x00000240b186a9e0 Thread added: 0x00000240b851b5a0
Event: 82.479 Thread 0x00000240feb46390 Thread added: 0x00000240b454a590
Event: 86.133 Thread 0x00000240b454a590 Thread exited: 0x00000240b454a590
Event: 99.514 Thread 0x00000240feb46390 Thread added: 0x00000240b6c962a0
Event: 99.670 Thread 0x00000240b186a9e0 Thread added: 0x00000240b851ab80
Event: 100.301 Thread 0x00000240b6c962a0 Thread exited: 0x00000240b6c962a0
Event: 100.986 Thread 0x00000240b186a9e0 Thread added: 0x00000240b8518d20
Event: 101.935 Thread 0x00000240feb46390 Thread added: 0x00000240b6c962a0
Event: 102.262 Thread 0x00000240b6c962a0 Thread exited: 0x00000240b6c962a0
Event: 102.792 Thread 0x00000240feb46390 Thread added: 0x00000240b6c96d40
Event: 103.400 Thread 0x00000240b6c96d40 Thread exited: 0x00000240b6c96d40
Event: 105.372 Thread 0x00000240feb46390 Thread added: 0x00000240b6c962a0
Event: 105.912 Thread 0x00000240b6c962a0 Thread exited: 0x00000240b6c962a0
Event: 107.218 Thread 0x00000240feb46390 Thread added: 0x00000240b6c962a0
Event: 108.771 Thread 0x00000240b6c962a0 Thread exited: 0x00000240b6c962a0
Event: 108.832 Thread 0x00000240feb46390 Thread added: 0x00000240b6c977e0
Event: 109.903 Thread 0x00000240b6c977e0 Thread exited: 0x00000240b6c977e0
Event: 113.559 Thread 0x00000240feb46390 Thread added: 0x00000240b6c977e0


Dynamic libraries:
0x00007ff6aab70000 - 0x00007ff6aab7e000 	C:\Users\Administrator\.jdks\ms-17.0.17\bin\java.exe
0x00007ffc46740000 - 0x00007ffc469a7000 	C:\WINDOWS\SYSTEM32\ntdll.dll
0x00007ffc460a0000 - 0x00007ffc46169000 	C:\WINDOWS\System32\KERNEL32.DLL
0x00007ffc43ee0000 - 0x00007ffc442cf000 	C:\WINDOWS\System32\KERNELBASE.dll
0x00007ffc44390000 - 0x00007ffc444db000 	C:\WINDOWS\System32\ucrtbase.dll
0x00007ffc304b0000 - 0x00007ffc304c8000 	C:\Users\Administrator\.jdks\ms-17.0.17\bin\jli.dll
0x00007ffc2f910000 - 0x00007ffc2f92e000 	C:\Users\Administrator\.jdks\ms-17.0.17\bin\VCRUNTIME140.dll
0x00007ffc449e0000 - 0x00007ffc44ba5000 	C:\WINDOWS\System32\USER32.dll
0x00007ffc43cb0000 - 0x00007ffc43cd7000 	C:\WINDOWS\System32\win32u.dll
0x00007ffc261e0000 - 0x00007ffc26473000 	C:\WINDOWS\WinSxS\amd64_microsoft.windows.common-controls_6595b64144ccf1df_6.0.26100.7309_none_3e05feeae336a044\COMCTL32.dll
0x00007ffc466c0000 - 0x00007ffc466eb000 	C:\WINDOWS\System32\GDI32.dll
0x00007ffc444e0000 - 0x00007ffc44589000 	C:\WINDOWS\System32\msvcrt.dll
0x00007ffc43a00000 - 0x00007ffc43b2c000 	C:\WINDOWS\System32\gdi32full.dll
0x00007ffc43890000 - 0x00007ffc43933000 	C:\WINDOWS\System32\msvcp_win.dll
0x00007ffc447a0000 - 0x00007ffc447d1000 	C:\WINDOWS\System32\IMM32.DLL
0x00007ffc326c0000 - 0x00007ffc326cc000 	C:\Users\Administrator\.jdks\ms-17.0.17\bin\vcruntime140_1.dll
0x00007ffc2e800000 - 0x00007ffc2e889000 	C:\Users\Administrator\.jdks\ms-17.0.17\bin\msvcp140.dll
0x00007ffbdd550000 - 0x00007ffbde1ca000 	C:\Users\Administrator\.jdks\ms-17.0.17\bin\server\jvm.dll
0x00007ffc45090000 - 0x00007ffc45144000 	C:\WINDOWS\System32\ADVAPI32.dll
0x00007ffc446e0000 - 0x00007ffc44786000 	C:\WINDOWS\System32\sechost.dll
0x00007ffc448c0000 - 0x00007ffc449d8000 	C:\WINDOWS\System32\RPCRT4.dll
0x00007ffc46610000 - 0x00007ffc46684000 	C:\WINDOWS\System32\WS2_32.dll
0x00007ffc43710000 - 0x00007ffc4376e000 	C:\WINDOWS\SYSTEM32\POWRPROF.dll
0x00007ffc1a460000 - 0x00007ffc1a495000 	C:\WINDOWS\SYSTEM32\WINMM.dll
0x00007ffc378f0000 - 0x00007ffc378fb000 	C:\WINDOWS\SYSTEM32\VERSION.dll
0x00007ffc436f0000 - 0x00007ffc43704000 	C:\WINDOWS\SYSTEM32\UMPDC.dll
0x00007ffc41cb0000 - 0x00007ffc41ccb000 	C:\WINDOWS\SYSTEM32\kernel.appcore.dll
0x00007ffc32020000 - 0x00007ffc3202a000 	C:\Users\Administrator\.jdks\ms-17.0.17\bin\jimage.dll
0x00007ffc2a950000 - 0x00007ffc2ab92000 	C:\WINDOWS\SYSTEM32\DBGHELP.DLL
0x00007ffc45c10000 - 0x00007ffc45f95000 	C:\WINDOWS\System32\combase.dll
0x00007ffc45150000 - 0x00007ffc45226000 	C:\WINDOWS\System32\OLEAUT32.dll
0x00007ffc310a0000 - 0x00007ffc310dc000 	C:\WINDOWS\SYSTEM32\dbgcore.DLL
0x00007ffc442e0000 - 0x00007ffc44385000 	C:\WINDOWS\System32\bcryptPrimitives.dll
0x00007ffc303a0000 - 0x00007ffc303af000 	C:\Users\Administrator\.jdks\ms-17.0.17\bin\instrument.dll
0x00007ffc2e790000 - 0x00007ffc2e7b6000 	C:\Users\Administrator\.jdks\ms-17.0.17\bin\java.dll
0x00007ffc23ab0000 - 0x00007ffc23b86000 	C:\Users\Administrator\.jdks\ms-17.0.17\bin\jsvml.dll
0x00007ffc45230000 - 0x00007ffc45983000 	C:\WINDOWS\System32\SHELL32.dll
0x00007ffc43ce0000 - 0x00007ffc43e4a000 	C:\WINDOWS\System32\wintypes.dll
0x00007ffc3aa00000 - 0x00007ffc3b25e000 	C:\WINDOWS\SYSTEM32\windows.storage.dll
0x00007ffc45fa0000 - 0x00007ffc46095000 	C:\WINDOWS\System32\SHCORE.dll
0x00007ffc46170000 - 0x00007ffc461d6000 	C:\WINDOWS\System32\shlwapi.dll
0x00007ffc437b0000 - 0x00007ffc437d9000 	C:\WINDOWS\SYSTEM32\profapi.dll
0x00007ffc2f8f0000 - 0x00007ffc2f908000 	C:\Users\Administrator\.jdks\ms-17.0.17\bin\zip.dll
0x00007ffc25710000 - 0x00007ffc2572b000 	C:\Users\Administrator\.jdks\ms-17.0.17\bin\net.dll
0x00007ffc3b730000 - 0x00007ffc3b858000 	C:\WINDOWS\SYSTEM32\WINHTTP.dll
0x00007ffc42bb0000 - 0x00007ffc42c1b000 	C:\WINDOWS\system32\mswsock.dll
0x00007ffc24840000 - 0x00007ffc24856000 	C:\Users\Administrator\.jdks\ms-17.0.17\bin\nio.dll
0x00007ffc2f530000 - 0x00007ffc2f540000 	C:\Users\Administrator\.jdks\ms-17.0.17\bin\verify.dll
0x00007ffc2fce0000 - 0x00007ffc2fd07000 	C:\Users\Administrator\.gradle\native\1def1411415f61bf3af743bc5b6707747c0891f09f0c88961ee8f79bc544acac\windows-amd64\native-platform.dll
0x00007ffc23a30000 - 0x00007ffc23aa8000 	C:\Users\Administrator\.gradle\native\0.2.7\x86_64-windows-gnu\gradle-fileevents.dll
0x00007ffc307c0000 - 0x00007ffc307ca000 	C:\Users\Administrator\.jdks\ms-17.0.17\bin\management.dll
0x00007ffc307b0000 - 0x00007ffc307bc000 	C:\Users\Administrator\.jdks\ms-17.0.17\bin\management_ext.dll
0x00007ffc44790000 - 0x00007ffc44798000 	C:\WINDOWS\System32\PSAPI.DLL
0x00007ffc42190000 - 0x00007ffc421c4000 	C:\WINDOWS\SYSTEM32\IPHLPAPI.DLL
0x00007ffc463a0000 - 0x00007ffc463aa000 	C:\WINDOWS\System32\NSI.dll
0x00007ffc3c2f0000 - 0x00007ffc3c30e000 	C:\WINDOWS\SYSTEM32\dhcpcsvc6.DLL
0x00007ffc3ba00000 - 0x00007ffc3ba23000 	C:\WINDOWS\SYSTEM32\dhcpcsvc.DLL
0x00007ffc421d0000 - 0x00007ffc422fc000 	C:\WINDOWS\SYSTEM32\DNSAPI.dll
0x00007ffc30720000 - 0x00007ffc30729000 	C:\Users\Administrator\.jdks\ms-17.0.17\bin\extnet.dll
0x00007ffc42e80000 - 0x00007ffc42e9b000 	C:\WINDOWS\SYSTEM32\CRYPTSP.dll
0x00007ffc426c0000 - 0x00007ffc426fa000 	C:\WINDOWS\system32\rsaenh.dll
0x00007ffc42c60000 - 0x00007ffc42c8b000 	C:\WINDOWS\SYSTEM32\USERENV.dll
0x00007ffc43780000 - 0x00007ffc437aa000 	C:\WINDOWS\SYSTEM32\bcrypt.dll
0x00007ffc42e70000 - 0x00007ffc42e7c000 	C:\WINDOWS\SYSTEM32\CRYPTBASE.dll
0x00007ffc30710000 - 0x00007ffc3071e000 	C:\Users\Administrator\.jdks\ms-17.0.17\bin\sunmscapi.dll
0x00007ffc43b30000 - 0x00007ffc43ca7000 	C:\WINDOWS\System32\CRYPT32.dll
0x00007ffc43090000 - 0x00007ffc430c0000 	C:\WINDOWS\SYSTEM32\ncrypt.dll
0x00007ffc43040000 - 0x00007ffc4307f000 	C:\WINDOWS\SYSTEM32\NTASN1.dll
0x00007ffc24be0000 - 0x00007ffc24be8000 	C:\WINDOWS\system32\wshunix.dll
0x00007ffc42760000 - 0x00007ffc42796000 	C:\WINDOWS\SYSTEM32\ntmarta.dll
0x00007ffc2bd90000 - 0x00007ffc2be28000 	C:\WINDOWS\SYSTEM32\symsrv.dll

dbghelp: loaded successfully - version: 4.0.5 - missing functions: none
symbol engine: initialized successfully - sym options: 0x614 - pdb path: .;C:\Users\Administrator\.jdks\ms-17.0.17\bin;C:\WINDOWS\SYSTEM32;C:\WINDOWS\WinSxS\amd64_microsoft.windows.common-controls_6595b64144ccf1df_6.0.26100.7309_none_3e05feeae336a044;C:\Users\Administrator\.jdks\ms-17.0.17\bin\server;C:\Users\Administrator\.gradle\native\1def1411415f61bf3af743bc5b6707747c0891f09f0c88961ee8f79bc544acac\windows-amd64;C:\Users\Administrator\.gradle\native\0.2.7\x86_64-windows-gnu

VM Arguments:
jvm_args: --add-opens=java.base/java.lang=ALL-UNNAMED --add-opens=java.base/java.lang.invoke=ALL-UNNAMED --add-opens=java.base/java.util=ALL-UNNAMED --add-opens=java.prefs/java.util.prefs=ALL-UNNAMED --add-exports=jdk.compiler/com.sun.tools.javac.api=ALL-UNNAMED --add-exports=jdk.compiler/com.sun.tools.javac.util=ALL-UNNAMED --add-opens=java.base/java.util=ALL-UNNAMED --add-opens=java.prefs/java.util.prefs=ALL-UNNAMED --add-opens=java.base/java.nio.charset=ALL-UNNAMED --add-opens=java.base/java.net=ALL-UNNAMED --add-opens=java.base/java.util.concurrent.atomic=ALL-UNNAMED --add-opens=java.xml/javax.xml.namespace=ALL-UNNAMED -XX:MaxMetaspaceSize=384m -XX:+HeapDumpOnOutOfMemoryError -Xms256m -Xmx512m -Dfile.encoding=UTF-8 -Duser.country=US -Duser.language=en -Duser.variant -javaagent:C:\Users\Administrator\.gradle\wrapper\dists\gradle-9.0-milestone-1-bin\3vdepk4s12bybhohyuvjcm1bd\gradle-9.0-milestone-1\lib\agents\gradle-instrumentation-agent-9.0.jar 
java_command: org.gradle.launcher.daemon.bootstrap.GradleDaemon 9.0-milestone-1
java_class_path (initial): C:\Users\Administrator\.gradle\wrapper\dists\gradle-9.0-milestone-1-bin\3vdepk4s12bybhohyuvjcm1bd\gradle-9.0-milestone-1\lib\gradle-daemon-main-9.0.jar
Launcher Type: SUN_STANDARD

[Global flags]
     intx CICompilerCount                          = 3                                         {product} {ergonomic}
   size_t CompressedClassSpaceSize                 = 335544320                                 {product} {ergonomic}
     uint ConcGCThreads                            = 1                                         {product} {ergonomic}
     uint G1ConcRefinementThreads                  = 4                                         {product} {ergonomic}
   size_t G1HeapRegionSize                         = 1048576                                   {product} {ergonomic}
    uintx GCDrainStackTargetSize                   = 64                                        {product} {ergonomic}
     bool HeapDumpOnOutOfMemoryError               = true                                   {manageable} {command line}
   size_t InitialHeapSize                          = 268435456                                 {product} {command line}
   size_t MarkStackSize                            = 4194304                                   {product} {ergonomic}
   size_t MaxHeapSize                              = 536870912                                 {product} {command line}
   size_t MaxMetaspaceSize                         = 402653184                                 {product} {command line}
   size_t MaxNewSize                               = 321912832                                 {product} {ergonomic}
   size_t MinHeapDeltaBytes                        = 1048576                                   {product} {ergonomic}
   size_t MinHeapSize                              = 268435456                                 {product} {command line}
    uintx NonNMethodCodeHeapSize                   = 5832780                                {pd product} {ergonomic}
    uintx NonProfiledCodeHeapSize                  = 122912730                              {pd product} {ergonomic}
    uintx ProfiledCodeHeapSize                     = 122912730                              {pd product} {ergonomic}
    uintx ReservedCodeCacheSize                    = 251658240                              {pd product} {ergonomic}
     bool SegmentedCodeCache                       = true                                      {product} {ergonomic}
   size_t SoftMaxHeapSize                          = 536870912                              {manageable} {ergonomic}
     bool UseCompressedClassPointers               = true                           {product lp64_product} {ergonomic}
     bool UseCompressedOops                        = true                           {product lp64_product} {ergonomic}
     bool UseG1GC                                  = true                                      {product} {ergonomic}
     bool UseLargePagesIndividualAllocation        = false                                  {pd product} {ergonomic}

Logging:
Log output configuration:
 #0: stdout all=warning uptime,level,tags
 #1: stderr all=off uptime,level,tags

Environment Variables:
PATH=C:\WINDOWS\system32;C:\WINDOWS;C:\WINDOWS\System32\Wbem;C:\WINDOWS\System32\WindowsPowerShell\v1.0\;C:\WINDOWS\System32\OpenSSH\;C:\Program Files\qemu;C:\Program Files\Git\cmd;C:\Users\Administrator\AppData\Local\Microsoft\WindowsApps;
USERNAME=Administrator
OS=Windows_NT
PROCESSOR_IDENTIFIER=Intel64 Family 6 Model 143 Stepping 4, GenuineIntel
TMP=C:\Users\ADMINI~1\AppData\Local\Temp\2
TEMP=C:\Users\ADMINI~1\AppData\Local\Temp\2



Periodic native trim disabled


---------------  S Y S T E M  ---------------

OS:
 Windows Server 2025 , 64 bit Build 26100 (10.0.26100.7309)
OS uptime: 0 days 1:00 hours
KVM virtualization detected

CPU: total 4 (initial active 4) (2 cores per cpu, 1 threads per core) family 6 model 143 stepping 4 microcode 0x1, cx8, cmov, fxsr, mmx, 3dnowpref, sse, sse2, sse3, ssse3, sse4.1, sse4.2, popcnt, lzcnt, tsc, avx, avx2, aes, erms, clmul, bmi1, bmi2, adx, avx512f, avx512dq, avx512cd, avx512bw, avx512vl, fma, vzeroupper, clflush, clflushopt, clwb, hv
Processor Information for the first 4 processors :
  Max Mhz: 2594, Current Mhz: 2594, Mhz Limit: 2594

Memory: 4k page, system-wide physical 8185M (962M free)
TotalPageFile size 15851M (AvailPageFile size 14M)
current process WorkingSet (physical memory assigned to process): 897M, peak: 897M
current process commit charge ("private bytes"): 917M, peak: 917M

vm_info: OpenJDK 64-Bit Server VM (17.0.17+10-LTS) for windows-amd64 JRE (17.0.17+10-LTS), built on Oct 13 2025 22:19:56 by "MicrosoftCorporation" with unknown MS VC++:1944

END.
